{"v":"5.8.1","fr":29.9700012207031,"ip":0,"op":213.000008675668,"w":800,"h":800,"nm":"Comp 1","ddd":0,"assets":[],"layers":[{"ddd":0,"ind":1,"ty":4,"nm":"arboles contornos 2","sr":1,"ks":{"o":{"a":0,"k":100,"ix":11},"r":{"a":0,"k":0,"ix":10},"p":{"a":1,"k":[{"i":{"x":0.833,"y":0.833},"o":{"x":0.167,"y":0.167},"t":69,"s":[902.967,409.81,0],"to":[-171.333,0,0],"ti":[171.333,0,0]},{"t":119.000004846969,"s":[-125.033,409.81,0]}],"ix":2,"l":2},"a":{"a":0,"k":[110.198,167.08,0],"ix":1,"l":2},"s":{"a":0,"k":[81,81,100],"ix":6,"l":2}},"ao":0,"shapes":[{"ty":"gr","it":[{"ind":0,"ty":"sh","ix":1,"ks":{"a":0,"k":{"i":[[9.419,0],[0,-9.425],[-0.231,-1.141],[1.802,-1.597],[0,-8.132],[-15.735,0],[0,15.735],[6.132,5.439],[-0.475,2.363],[0,1.116]],"o":[[-9.425,0],[0,1.116],[0.475,2.363],[-6.131,5.439],[0,15.735],[15.729,0],[0,-8.132],[-1.802,-1.597],[0.231,-1.141],[0,-9.425]],"v":[[0.004,-38.381],[-17.084,-21.293],[-16.734,-17.894],[-18.88,-11.498],[-28.529,9.848],[0.004,38.381],[28.531,9.848],[18.881,-11.498],[16.736,-17.894],[17.086,-21.293]],"c":true},"ix":2},"nm":"Trazado 1","mn":"ADBE Vector Shape - Group","hd":false},{"ind":1,"ty":"sh","ix":2,"ks":{"a":0,"k":{"i":[[23.18,0],[0,23.186],[-7.366,7.789],[0,0.753],[-16.877,0],[0,-16.877],[0.06,-0.752],[0,-10.759]],"o":[[-23.187,0],[0,-10.759],[-0.059,-0.752],[0,-16.877],[16.87,0],[0,0.753],[7.366,7.789],[0,23.186]],"v":[[0.004,51.898],[-42.048,9.848],[-30.516,-19.029],[-30.602,-21.293],[0.004,-51.898],[30.603,-21.293],[30.517,-19.029],[42.048,9.848]],"c":true},"ix":2},"nm":"Trazado 2","mn":"ADBE Vector Shape - Group","hd":false},{"ty":"mm","mm":1,"nm":"Combinar trazados 1","mn":"ADBE Vector Filter - Merge","hd":false},{"ty":"fl","c":{"a":0,"k":[0.4745098039215686,0.00392156862745098,0.5490196078431373,1],"ix":4},"o":{"a":0,"k":100,"ix":5},"r":1,"bm":0,"nm":"Relleno 1","mn":"ADBE Vector Graphic - Fill","hd":false},{"ty":"tr","p":{"a":0,"k":[178.098,240.053],"ix":2},"a":{"a":0,"k":[0,0],"ix":1},"s":{"a":0,"k":[100,100],"ix":3},"r":{"a":0,"k":0,"ix":6},"o":{"a":0,"k":100,"ix":7},"sk":{"a":0,"k":0,"ix":4},"sa":{"a":0,"k":0,"ix":5},"nm":"Transformar"}],"nm":"Grupo 1","np":4,"cix":2,"bm":0,"ix":1,"mn":"ADBE Vector Group","hd":false},{"ty":"gr","it":[{"ind":0,"ty":"sh","ix":1,"ks":{"a":0,"k":{"i":[[3.736,0],[0,3.736],[0,0],[-3.736,0],[0,-3.736],[0,0]],"o":[[-3.736,0],[0,0],[0,-3.736],[3.736,0],[0,0],[0,3.736]],"v":[[0,51.948],[-6.759,45.189],[-6.759,-45.189],[0,-51.948],[6.759,-45.189],[6.759,45.189]],"c":true},"ix":2},"nm":"Trazado 1","mn":"ADBE Vector Shape - Group","hd":false},{"ty":"fl","c":{"a":0,"k":[0.4745098039215686,0.00392156862745098,0.5490196078431373,1],"ix":4},"o":{"a":0,"k":100,"ix":5},"r":1,"bm":0,"nm":"Relleno 1","mn":"ADBE Vector Graphic - Fill","hd":false},{"ty":"tr","p":{"a":0,"k":[178.102,281.962],"ix":2},"a":{"a":0,"k":[0,0],"ix":1},"s":{"a":0,"k":[100,100],"ix":3},"r":{"a":0,"k":0,"ix":6},"o":{"a":0,"k":100,"ix":7},"sk":{"a":0,"k":0,"ix":4},"sa":{"a":0,"k":0,"ix":5},"nm":"Transformar"}],"nm":"Grupo 2","np":2,"cix":2,"bm":0,"ix":2,"mn":"ADBE Vector Group","hd":false},{"ty":"gr","it":[{"ind":0,"ty":"sh","ix":1,"ks":{"a":0,"k":{"i":[[1.604,0],[1.334,1.498],[-2.785,2.481],[0,0],[-2.488,-2.801],[2.785,-2.482],[0,0]],"o":[[-1.861,0],[-2.488,-2.785],[0,0],[2.779,-2.495],[2.488,2.786],[0,0],[-1.287,1.148]],"v":[[-20.467,25.388],[-25.511,23.124],[-24.963,13.587],[15.972,-22.893],[25.511,-22.346],[24.963,-12.808],[-15.972,23.672]],"c":true},"ix":2},"nm":"Trazado 1","mn":"ADBE Vector Shape - Group","hd":false},{"ty":"fl","c":{"a":0,"k":[0.4745098039215686,0.00392156862745098,0.5490196078431373,1],"ix":4},"o":{"a":0,"k":100,"ix":5},"r":1,"bm":0,"nm":"Relleno 1","mn":"ADBE Vector Graphic - Fill","hd":false},{"ty":"tr","p":{"a":0,"k":[94.462,194.303],"ix":2},"a":{"a":0,"k":[0,0],"ix":1},"s":{"a":0,"k":[100,100],"ix":3},"r":{"a":0,"k":0,"ix":6},"o":{"a":0,"k":100,"ix":7},"sk":{"a":0,"k":0,"ix":4},"sa":{"a":0,"k":0,"ix":5},"nm":"Transformar"}],"nm":"Grupo 3","np":2,"cix":2,"bm":0,"ix":3,"mn":"ADBE Vector Group","hd":false},{"ty":"gr","it":[{"ind":0,"ty":"sh","ix":1,"ks":{"a":0,"k":{"i":[[1.954,0],[1.26,1.036],[0,0],[-2.376,2.881],[-2.891,-2.376],[0,0],[2.376,-2.881]],"o":[[-1.511,0],[0,0],[-2.885,-2.373],[2.363,-2.881],[0,0],[2.885,2.373],[-1.333,1.624]],"v":[[14.518,19.137],[10.228,17.597],[-18.82,-6.326],[-19.738,-15.84],[-10.228,-16.761],[18.82,7.162],[19.738,16.676]],"c":true},"ix":2},"nm":"Trazado 1","mn":"ADBE Vector Shape - Group","hd":false},{"ty":"fl","c":{"a":0,"k":[0.4745098039215686,0.00392156862745098,0.5490196078431373,1],"ix":4},"o":{"a":0,"k":100,"ix":5},"r":1,"bm":0,"nm":"Relleno 1","mn":"ADBE Vector Graphic - Fill","hd":false},{"ty":"tr","p":{"a":0,"k":[59.471,141.342],"ix":2},"a":{"a":0,"k":[0,0],"ix":1},"s":{"a":0,"k":[100,100],"ix":3},"r":{"a":0,"k":0,"ix":6},"o":{"a":0,"k":100,"ix":7},"sk":{"a":0,"k":0,"ix":4},"sa":{"a":0,"k":0,"ix":5},"nm":"Transformar"}],"nm":"Grupo 4","np":2,"cix":2,"bm":0,"ix":4,"mn":"ADBE Vector Group","hd":false},{"ty":"gr","it":[{"ind":0,"ty":"sh","ix":1,"ks":{"a":0,"k":{"i":[[1.373,0],[1.326,1.822],[-3.023,2.194],[0,13.065],[22.554,0],[0,-22.553],[-5.669,-7.244],[2.937,-2.3],[2.29,2.923],[0,12.273],[-30.005,0],[0,-30.008],[14.085,-10.221]],"o":[[-2.092,0],[-2.192,-3.023],[10.587,-7.683],[0,-22.553],[-22.553,0],[0,9.227],[2.297,2.94],[-2.951,2.303],[-7.545,-9.647],[0,-30.008],[30.005,0],[0,17.382],[-1.194,0.868]],"v":[[27.966,49.892],[22.487,47.103],[23.992,37.662],[40.902,4.528],[0,-36.374],[-40.902,4.528],[-32.237,29.705],[-33.397,39.193],[-42.888,38.035],[-54.419,4.528],[0,-49.892],[54.419,4.528],[31.926,48.605]],"c":true},"ix":2},"nm":"Trazado 1","mn":"ADBE Vector Shape - Group","hd":false},{"ty":"fl","c":{"a":0,"k":[0.4745098039215686,0.00392156862745098,0.5490196078431373,1],"ix":4},"o":{"a":0,"k":100,"ix":5},"r":1,"bm":0,"nm":"Relleno 1","mn":"ADBE Vector Graphic - Fill","hd":false},{"ty":"tr","p":{"a":0,"k":[73.995,50.142],"ix":2},"a":{"a":0,"k":[0,0],"ix":1},"s":{"a":0,"k":[100,100],"ix":3},"r":{"a":0,"k":0,"ix":6},"o":{"a":0,"k":100,"ix":7},"sk":{"a":0,"k":0,"ix":4},"sa":{"a":0,"k":0,"ix":5},"nm":"Transformar"}],"nm":"Grupo 5","np":2,"cix":2,"bm":0,"ix":5,"mn":"ADBE Vector Group","hd":false},{"ty":"gr","it":[{"ind":0,"ty":"sh","ix":1,"ks":{"a":0,"k":{"i":[[22.553,0],[0,-22.553],[-3.459,-6.131],[2.258,-2.132],[0,-14.897],[-4.237,-7.815],[1.618,-2.115],[0,-13.227],[-33.213,0],[0,33.213],[8.086,10.601],[-1.268,2.34],[0,8.937],[10.904,10.3],[-1.531,2.706],[0,7.01]],"o":[[-22.553,0],[0,7],[1.524,2.703],[-10.904,10.3],[0,8.927],[1.267,2.34],[-8.085,10.607],[0,33.213],[33.213,0],[0,-13.233],[-1.617,-2.115],[4.23,-7.808],[0,-14.897],[-2.258,-2.135],[3.452,-6.115],[0,-22.553]],"v":[[0,-118.925],[-40.902,-78.023],[-35.615,-57.955],[-36.863,-49.721],[-53.773,-10.65],[-47.298,14.943],[-47.866,22.262],[-60.228,58.696],[0,118.924],[60.228,58.696],[47.872,22.262],[47.305,14.943],[53.773,-10.65],[36.863,-49.721],[35.622,-57.961],[40.902,-78.023]],"c":true},"ix":2},"nm":"Trazado 1","mn":"ADBE Vector Shape - Group","hd":false},{"ind":1,"ty":"sh","ix":2,"ks":{"a":0,"k":{"i":[[40.665,0],[0,40.665],[-8.283,12.227],[0,9.729],[-11.372,12.425],[0,7.604],[-30.005,0],[0,-30.008],[3.089,-6.94],[0,-16.956],[4.053,-8.788],[0,-14.798]],"o":[[-40.665,0],[0,-14.798],[-4.059,-8.795],[0,-16.956],[-3.089,-6.95],[0,-30.008],[30.005,0],[0,7.61],[11.372,12.425],[0,9.735],[8.277,12.221],[0,40.665]],"v":[[0,132.442],[-73.745,58.696],[-61.106,17.533],[-67.29,-10.65],[-49.714,-55.925],[-54.42,-78.023],[0,-132.442],[54.42,-78.023],[49.714,-55.925],[67.29,-10.65],[61.112,17.533],[73.745,58.696]],"c":true},"ix":2},"nm":"Trazado 2","mn":"ADBE Vector Shape - Group","hd":false},{"ty":"mm","mm":1,"nm":"Combinar trazados 1","mn":"ADBE Vector Filter - Merge","hd":false},{"ty":"fl","c":{"a":0,"k":[0.4745098039215686,0.00392156862745098,0.5490196078431373,1],"ix":4},"o":{"a":0,"k":100,"ix":5},"r":1,"bm":0,"nm":"Relleno 1","mn":"ADBE Vector Graphic - Fill","hd":false},{"ty":"tr","p":{"a":0,"k":[73.995,132.693],"ix":2},"a":{"a":0,"k":[0,0],"ix":1},"s":{"a":0,"k":[100,100],"ix":3},"r":{"a":0,"k":0,"ix":6},"o":{"a":0,"k":100,"ix":7},"sk":{"a":0,"k":0,"ix":4},"sa":{"a":0,"k":0,"ix":5},"nm":"Transformar"}],"nm":"Grupo 6","np":4,"cix":2,"bm":0,"ix":6,"mn":"ADBE Vector Group","hd":false},{"ty":"gr","it":[{"ind":0,"ty":"sh","ix":1,"ks":{"a":0,"k":{"i":[[3.736,0],[0,3.736],[0,0],[-3.736,0],[0,-3.732],[0,0]],"o":[[-3.736,0],[0,0],[0,-3.732],[3.736,0],[0,0],[0,3.736]],"v":[[0,118.441],[-6.759,111.682],[-6.759,-111.683],[0,-118.441],[6.759,-111.683],[6.759,111.682]],"c":true},"ix":2},"nm":"Trazado 1","mn":"ADBE Vector Shape - Group","hd":false},{"ty":"fl","c":{"a":0,"k":[0.4745098039215686,0.00392156862745098,0.5490196078431373,1],"ix":4},"o":{"a":0,"k":100,"ix":5},"r":1,"bm":0,"nm":"Relleno 1","mn":"ADBE Vector Graphic - Fill","hd":false},{"ty":"tr","p":{"a":0,"k":[73.995,215.469],"ix":2},"a":{"a":0,"k":[0,0],"ix":1},"s":{"a":0,"k":[100,100],"ix":3},"r":{"a":0,"k":0,"ix":6},"o":{"a":0,"k":100,"ix":7},"sk":{"a":0,"k":0,"ix":4},"sa":{"a":0,"k":0,"ix":5},"nm":"Transformar"}],"nm":"Grupo 7","np":2,"cix":2,"bm":0,"ix":7,"mn":"ADBE Vector Group","hd":false}],"ip":0,"op":240.0000097754,"st":0,"bm":0},{"ddd":0,"ind":2,"ty":4,"nm":"relleno arbol","parent":1,"sr":1,"ks":{"o":{"a":0,"k":100,"ix":11},"r":{"a":0,"k":0,"ix":10},"p":{"a":0,"k":[-28.472,154.969,0],"ix":2,"l":2},"a":{"a":0,"k":[0,0,0],"ix":1,"l":2},"s":{"a":0,"k":[123.457,123.457,100],"ix":6,"l":2}},"ao":0,"shapes":[{"ty":"gr","it":[{"ind":0,"ty":"sh","ix":1,"ks":{"a":0,"k":{"i":[[14.5,2],[-5,-14.25],[-35,-2.5],[13.5,28]],"o":[[-14.5,-2],[-9.75,4.75],[35,2.5],[-7,-20.5]],"v":[[167,30.5],[150,61.75],[167,105],[189,57.5]],"c":true},"ix":2},"nm":"Trazado 1","mn":"ADBE Vector Shape - Group","hd":false},{"ty":"fl","c":{"a":0,"k":[0.9411764705882353,0.9254901960784314,0.8901960784313725,1],"ix":4},"o":{"a":0,"k":100,"ix":5},"r":1,"bm":0,"nm":"Relleno 1","mn":"ADBE Vector Graphic - Fill","hd":false},{"ty":"tr","p":{"a":0,"k":[0,0],"ix":2},"a":{"a":0,"k":[0,0],"ix":1},"s":{"a":0,"k":[100,100],"ix":3},"r":{"a":0,"k":0,"ix":6},"o":{"a":0,"k":100,"ix":7},"sk":{"a":0,"k":0,"ix":4},"sa":{"a":0,"k":0,"ix":5},"nm":"Transformar"}],"nm":"Forma 2","np":3,"cix":2,"bm":0,"ix":1,"mn":"ADBE Vector Group","hd":false},{"ty":"gr","it":[{"ind":0,"ty":"sh","ix":1,"ks":{"a":0,"k":{"i":[[47,2.5],[-13,-18],[0,0],[2.5,-14.5],[-44,0],[11.5,17],[0,0]],"o":[[-47,-2.5],[-28.5,15],[0,0],[-4,49.5],[53,0],[17,-30],[0,0]],"v":[[87.5,-118.5],[48.5,-57],[38.5,-4.5],[30.5,17.5],[92,83.5],[125.5,-4.5],[117,-60.5]],"c":true},"ix":2},"nm":"Trazado 1","mn":"ADBE Vector Shape - Group","hd":false},{"ty":"fl","c":{"a":0,"k":[0.9411764705882353,0.9254901960784314,0.8901960784313725,1],"ix":4},"o":{"a":0,"k":100,"ix":5},"r":1,"bm":0,"nm":"Relleno 1","mn":"ADBE Vector Graphic - Fill","hd":false},{"ty":"tr","p":{"a":0,"k":[0,0],"ix":2},"a":{"a":0,"k":[0,0],"ix":1},"s":{"a":0,"k":[100,100],"ix":3},"r":{"a":0,"k":0,"ix":6},"o":{"a":0,"k":100,"ix":7},"sk":{"a":0,"k":0,"ix":4},"sa":{"a":0,"k":0,"ix":5},"nm":"Transformar"}],"nm":"Forma 1","np":3,"cix":2,"bm":0,"ix":2,"mn":"ADBE Vector Group","hd":false}],"ip":0,"op":240.0000097754,"st":0,"bm":0},{"ddd":0,"ind":3,"ty":4,"nm":"Capa de formas 6","parent":6,"sr":1,"ks":{"o":{"a":0,"k":100,"ix":11},"r":{"a":0,"k":0,"ix":10},"p":{"a":0,"k":[332.298,132.436,0],"ix":2,"l":2},"a":{"a":0,"k":[0,0,0],"ix":1,"l":2},"s":{"a":0,"k":[123.457,120.482,100],"ix":6,"l":2}},"ao":0,"shapes":[{"ty":"gr","it":[{"ind":0,"ty":"sh","ix":1,"ks":{"a":1,"k":[{"i":{"x":0.667,"y":0.513},"o":{"x":0.333,"y":0},"t":40,"s":[{"i":[[0,0],[0,0],[0,0],[0,0],[0,0]],"o":[[0,0],[0,0],[0,0],[0,0],[0,0]],"v":[[-233,-77.5],[-235,-40],[-232.5,-36.5],[-231,-35],[-230.5,-77.5]],"c":true}]},{"i":{"x":0.667,"y":1},"o":{"x":0.333,"y":0.491},"t":78,"s":[{"i":[[0,0],[0,0],[0,0],[0,0],[0,0]],"o":[[0,0],[0,0],[0,0],[0,0],[0,0]],"v":[[-233,-77.5],[-235,-40],[-174.5,5],[-162.5,3],[-163,-75]],"c":true}]},{"t":165.000006720588,"s":[{"i":[[0,0],[0,0],[0,0],[0,0],[0,0]],"o":[[0,0],[0,0],[0,0],[0,0],[0,0]],"v":[[-233,-77.5],[-235,-40],[-174.5,5],[113.5,1.5],[113,-76.5]],"c":true}]}],"ix":2},"nm":"Trazado 1","mn":"ADBE Vector Shape - Group","hd":false},{"ty":"fl","c":{"a":0,"k":[0.4745098039215686,0.00392156862745098,0.5490196078431373,1],"ix":4},"o":{"a":0,"k":100,"ix":5},"r":1,"bm":0,"nm":"Relleno 1","mn":"ADBE Vector Graphic - Fill","hd":false},{"ty":"tr","p":{"a":0,"k":[0,0],"ix":2},"a":{"a":0,"k":[0,0],"ix":1},"s":{"a":0,"k":[100,100],"ix":3},"r":{"a":0,"k":0,"ix":6},"o":{"a":0,"k":100,"ix":7},"sk":{"a":0,"k":0,"ix":4},"sa":{"a":0,"k":0,"ix":5},"nm":"Transformar"}],"nm":"Forma 1","np":3,"cix":2,"bm":0,"ix":1,"mn":"ADBE Vector Group","hd":false}],"ip":40.0000016292334,"op":240.0000097754,"st":0,"bm":0},{"ddd":0,"ind":4,"ty":4,"nm":"Capa de formas 2","sr":1,"ks":{"o":{"a":0,"k":100,"ix":11},"r":{"a":0,"k":0,"ix":10},"p":{"a":1,"k":[{"i":{"x":0.876,"y":1},"o":{"x":0.128,"y":0},"t":18,"s":[1308,290,0],"to":[-697.333,0,0],"ti":[697.333,0,0]},{"t":188.000007657397,"s":[-2876,290,0]}],"ix":2,"l":2},"a":{"a":0,"k":[0,0,0],"ix":1,"l":2},"s":{"a":0,"k":[100,100,100],"ix":6,"l":2}},"ao":0,"shapes":[{"ty":"gr","it":[{"ind":0,"ty":"sh","ix":1,"ks":{"a":0,"k":{"i":[[0,0],[0,0]],"o":[[0,0],[0,0]],"v":[[398.324,50.273],[-99.676,50.273]],"c":false},"ix":2},"nm":"Trazado 1","mn":"ADBE Vector Shape - Group","hd":false},{"ty":"st","c":{"a":0,"k":[0.4745098039215686,0.00392156862745098,0.5490196078431373,1],"ix":3},"o":{"a":0,"k":100,"ix":4},"w":{"a":0,"k":2,"ix":5},"lc":2,"lj":1,"ml":311,"bm":0,"d":[{"n":"d","nm":"guión","v":{"a":0,"k":145,"ix":1,"x":"var $bm_rt;\n$bm_rt = content('Forma 1').content('Trazo 1').dash.dash;"}},{"n":"g","nm":"espacio","v":{"a":0,"k":10,"ix":2}},{"n":"d","nm":"guión2","v":{"a":0,"k":10,"ix":3}},{"n":"g","nm":"espacio2","v":{"a":0,"k":10,"ix":4}},{"n":"d","nm":"guión3","v":{"a":0,"k":10,"ix":5}},{"n":"o","nm":"desplazamiento","v":{"a":0,"k":0,"ix":7}}],"nm":"Trazo 1","mn":"ADBE Vector Graphic - Stroke","hd":false},{"ty":"fl","c":{"a":0,"k":[0.9411764705882353,0.9254901960784314,0.8901960784313725,1],"ix":4},"o":{"a":0,"k":100,"ix":5},"r":1,"bm":0,"nm":"Relleno 1","mn":"ADBE Vector Graphic - Fill","hd":false},{"ty":"tr","p":{"a":0,"k":[0,0],"ix":2},"a":{"a":0,"k":[0,0],"ix":1},"s":{"a":0,"k":[504.088,504.088],"ix":3},"r":{"a":0,"k":0,"ix":6},"o":{"a":0,"k":100,"ix":7},"sk":{"a":0,"k":0,"ix":4},"sa":{"a":0,"k":0,"ix":5},"nm":"Transformar"}],"nm":"Forma 1","np":3,"cix":2,"bm":0,"ix":1,"mn":"ADBE Vector Group","hd":false}],"ip":0,"op":240.0000097754,"st":0,"bm":0},{"ddd":0,"ind":5,"ty":4,"nm":"Capa de formas 1","sr":1,"ks":{"o":{"a":0,"k":100,"ix":11},"r":{"a":0,"k":0,"ix":10},"p":{"a":1,"k":[{"i":{"x":0.876,"y":1},"o":{"x":0.125,"y":0},"t":18,"s":[1686,288,0],"to":[-697.333,0,0],"ti":[697.333,0,0]},{"t":188.000007657397,"s":[-2498,288,0]}],"ix":2,"l":2},"a":{"a":0,"k":[0,0,0],"ix":1,"l":2},"s":{"a":0,"k":[100,100,100],"ix":6,"l":2}},"ao":0,"shapes":[{"ty":"gr","it":[{"ind":0,"ty":"sh","ix":1,"ks":{"a":0,"k":{"i":[[0,0],[0,0]],"o":[[0,0],[0,0]],"v":[[489.579,50.67],[-8.422,50.67]],"c":false},"ix":2},"nm":"Trazado 1","mn":"ADBE Vector Shape - Group","hd":false},{"ty":"st","c":{"a":0,"k":[0.4745098039215686,0.00392156862745098,0.5490196078431373,1],"ix":3},"o":{"a":0,"k":100,"ix":4},"w":{"a":0,"k":2,"ix":5},"lc":2,"lj":1,"ml":311,"bm":0,"d":[{"n":"d","nm":"guión","v":{"a":0,"k":31,"ix":1,"x":"var $bm_rt;\n$bm_rt = content('Forma 1').content('Trazo 1').dash.dash;"}},{"n":"g","nm":"espacio","v":{"a":0,"k":10,"ix":2}},{"n":"d","nm":"guión2","v":{"a":0,"k":10,"ix":3}},{"n":"g","nm":"espacio2","v":{"a":0,"k":10,"ix":4}},{"n":"d","nm":"guión3","v":{"a":0,"k":10,"ix":5}},{"n":"o","nm":"desplazamiento","v":{"a":0,"k":0,"ix":7}}],"nm":"Trazo 1","mn":"ADBE Vector Graphic - Stroke","hd":false},{"ty":"fl","c":{"a":0,"k":[0.9411764705882353,0.9254901960784314,0.8901960784313725,1],"ix":4},"o":{"a":0,"k":100,"ix":5},"r":1,"bm":0,"nm":"Relleno 1","mn":"ADBE Vector Graphic - Fill","hd":false},{"ty":"tr","p":{"a":0,"k":[0,0],"ix":2},"a":{"a":0,"k":[0,0],"ix":1},"s":{"a":0,"k":[504.088,504.088],"ix":3},"r":{"a":0,"k":0,"ix":6},"o":{"a":0,"k":100,"ix":7},"sk":{"a":0,"k":0,"ix":4},"sa":{"a":0,"k":0,"ix":5},"nm":"Transformar"}],"nm":"Forma 1","np":3,"cix":2,"bm":0,"ix":1,"mn":"ADBE Vector Group","hd":false}],"ip":0,"op":240.0000097754,"st":0,"bm":0},{"ddd":0,"ind":6,"ty":4,"nm":"bus","sr":1,"ks":{"o":{"a":0,"k":100,"ix":11},"r":{"a":0,"k":0,"ix":10},"p":{"a":1,"k":[{"i":{"x":0.667,"y":1},"o":{"x":0.838,"y":0},"t":0,"s":[-335.641,504.923,0],"to":[124.667,0,0],"ti":[-124.667,0,0]},{"i":{"x":0.667,"y":0.667},"o":{"x":0.167,"y":0.167},"t":34,"s":[412.359,504.923,0],"to":[0,0,0],"ti":[0,0,0]},{"i":{"x":0.667,"y":1},"o":{"x":0.728,"y":0},"t":175,"s":[412.359,504.923,0],"to":[113.167,0,0],"ti":[-113.167,0,0]},{"t":201.000008186898,"s":[1091.359,504.923,0]}],"ix":2,"l":2},"a":{"a":0,"k":[347.555,258.849,0],"ix":1,"l":2},"s":{"a":1,"k":[{"i":{"x":[0.833,0.833,0.833],"y":[0.833,0.833,0.833]},"o":{"x":[0.167,0.167,0.167],"y":[0.167,0.167,0.167]},"t":2.941,"s":[81,81,100]},{"i":{"x":[0.833,0.833,0.833],"y":[0.833,0.833,0.833]},"o":{"x":[0.167,0.167,0.167],"y":[0.167,0.167,0.167]},"t":10,"s":[81,83,100]},{"i":{"x":[0.833,0.833,0.833],"y":[0.833,0.833,0.833]},"o":{"x":[0.167,0.167,0.167],"y":[0.167,0.167,0.167]},"t":16.176,"s":[81,81,100]},{"i":{"x":[0.833,0.833,0.833],"y":[0.833,0.833,0.833]},"o":{"x":[0.167,0.167,0.167],"y":[0.167,0.167,0.167]},"t":23.235,"s":[81,83,100]},{"i":{"x":[0.833,0.833,0.833],"y":[0.833,0.833,0.833]},"o":{"x":[0.167,0.167,0.167],"y":[0.167,0.167,0.167]},"t":29.411,"s":[81,81,100]},{"i":{"x":[0.833,0.833,0.833],"y":[0.833,0.833,0.833]},"o":{"x":[0.167,0.167,0.167],"y":[0.167,0.167,0.167]},"t":35.589,"s":[81,83,100]},{"i":{"x":[0.833,0.833,0.833],"y":[0.833,0.833,0.833]},"o":{"x":[0.167,0.167,0.167],"y":[0.167,0.167,0.167]},"t":41.765,"s":[81,81,100]},{"i":{"x":[0.833,0.833,0.833],"y":[0.833,0.833,0.833]},"o":{"x":[0.167,0.167,0.167],"y":[0.167,0.167,0.167]},"t":47.941,"s":[81,83,100]},{"i":{"x":[0.833,0.833,0.833],"y":[0.833,0.833,0.833]},"o":{"x":[0.167,0.167,0.167],"y":[0.167,0.167,0.167]},"t":55,"s":[81,81,100]},{"i":{"x":[0.833,0.833,0.833],"y":[0.833,0.833,0.833]},"o":{"x":[0.167,0.167,0.167],"y":[0.167,0.167,0.167]},"t":62.059,"s":[81,83,100]},{"i":{"x":[0.833,0.833,0.833],"y":[0.833,0.833,0.833]},"o":{"x":[0.167,0.167,0.167],"y":[0.167,0.167,0.167]},"t":68.235,"s":[81,81,100]},{"i":{"x":[0.833,0.833,0.833],"y":[0.833,0.833,0.833]},"o":{"x":[0.167,0.167,0.167],"y":[0.167,0.167,0.167]},"t":75.294,"s":[81,83,100]},{"i":{"x":[0.833,0.833,0.833],"y":[0.833,0.833,0.833]},"o":{"x":[0.167,0.167,0.167],"y":[0.167,0.167,0.167]},"t":81.47,"s":[81,81,100]},{"i":{"x":[0.833,0.833,0.833],"y":[0.833,0.833,0.833]},"o":{"x":[0.167,0.167,0.167],"y":[0.167,0.167,0.167]},"t":87.648,"s":[81,83,100]},{"i":{"x":[0.833,0.833,0.833],"y":[0.833,0.833,0.833]},"o":{"x":[0.167,0.167,0.167],"y":[0.167,0.167,0.167]},"t":93.824,"s":[81,81,100]},{"i":{"x":[0.833,0.833,0.833],"y":[0.833,0.833,0.833]},"o":{"x":[0.167,0.167,0.167],"y":[0.167,0.167,0.167]},"t":100,"s":[81,83,100]},{"i":{"x":[0.833,0.833,0.833],"y":[0.833,0.833,0.833]},"o":{"x":[0.167,0.167,0.167],"y":[0.167,0.167,0.167]},"t":106,"s":[81,81,100]},{"i":{"x":[0.833,0.833,0.833],"y":[0.833,0.833,0.833]},"o":{"x":[0.167,0.167,0.167],"y":[0.167,0.167,0.167]},"t":113.059,"s":[81,83,100]},{"i":{"x":[0.833,0.833,0.833],"y":[0.833,0.833,0.833]},"o":{"x":[0.167,0.167,0.167],"y":[0.167,0.167,0.167]},"t":119.235,"s":[81,81,100]},{"i":{"x":[0.833,0.833,0.833],"y":[0.833,0.833,0.833]},"o":{"x":[0.167,0.167,0.167],"y":[0.167,0.167,0.167]},"t":126.294,"s":[81,83,100]},{"i":{"x":[0.833,0.833,0.833],"y":[0.833,0.833,0.833]},"o":{"x":[0.167,0.167,0.167],"y":[0.167,0.167,0.167]},"t":132.47,"s":[81,81,100]},{"i":{"x":[0.833,0.833,0.833],"y":[0.833,0.833,0.833]},"o":{"x":[0.167,0.167,0.167],"y":[0.167,0.167,0.167]},"t":138.648,"s":[81,83,100]},{"i":{"x":[0.833,0.833,0.833],"y":[0.833,0.833,0.833]},"o":{"x":[0.167,0.167,0.167],"y":[0.167,0.167,0.167]},"t":144.824,"s":[81,81,100]},{"i":{"x":[0.833,0.833,0.833],"y":[0.833,0.833,0.833]},"o":{"x":[0.167,0.167,0.167],"y":[0.167,0.167,0.167]},"t":151,"s":[81,83,100]},{"i":{"x":[0.833,0.833,0.833],"y":[0.833,0.833,0.833]},"o":{"x":[0.167,0.167,0.167],"y":[0.167,0.167,0.167]},"t":157,"s":[81,81,100]},{"i":{"x":[0.833,0.833,0.833],"y":[0.833,0.833,0.833]},"o":{"x":[0.167,0.167,0.167],"y":[0.167,0.167,0.167]},"t":164.059,"s":[81,83,100]},{"i":{"x":[0.833,0.833,0.833],"y":[0.833,0.833,0.833]},"o":{"x":[0.167,0.167,0.167],"y":[0.167,0.167,0.167]},"t":170.235,"s":[81,81,100]},{"i":{"x":[0.833,0.833,0.833],"y":[0.833,0.833,0.833]},"o":{"x":[0.167,0.167,0.167],"y":[0.167,0.167,0.167]},"t":177.294,"s":[81,83,100]},{"i":{"x":[0.833,0.833,0.833],"y":[0.833,0.833,0.833]},"o":{"x":[0.167,0.167,0.167],"y":[0.167,0.167,0.167]},"t":183.47,"s":[81,81,100]},{"i":{"x":[0.833,0.833,0.833],"y":[0.833,0.833,0.833]},"o":{"x":[0.167,0.167,0.167],"y":[0.167,0.167,0.167]},"t":189.648,"s":[81,83,100]},{"i":{"x":[0.833,0.833,0.833],"y":[0.833,0.833,0.833]},"o":{"x":[0.167,0.167,0.167],"y":[0.167,0.167,0.167]},"t":195.824,"s":[81,81,100]},{"t":202.000008227629,"s":[81,83,100]}],"ix":6,"l":2}},"ao":0,"shapes":[{"ty":"gr","it":[{"ind":0,"ty":"sh","ix":1,"ks":{"a":0,"k":{"i":[[2.214,0],[1.135,0.739],[0,0],[0,11.626],[0,0],[-3.732,0],[0,-3.732],[0,0],[-5.894,-3.822],[0,0],[2.033,-3.129]],"o":[[-1.261,0],[0,0],[-9.755,-6.323],[0,0],[0,-3.732],[3.733,0],[0,0],[0,7.026],[0,0],[3.132,2.032],[-1.293,2]],"v":[[11.244,67.288],[7.573,66.2],[-3.377,59.098],[-18.953,30.433],[-18.953,-60.531],[-12.195,-67.288],[-5.435,-60.531],[-5.435,30.433],[3.977,47.758],[14.927,54.861],[16.919,64.207]],"c":true},"ix":2},"nm":"Trazado 1","mn":"ADBE Vector Shape - Group","hd":false},{"ty":"fl","c":{"a":0,"k":[0.4745098039215686,0.00392156862745098,0.5490196078431373,1],"ix":4},"o":{"a":0,"k":100,"ix":5},"r":1,"bm":0,"nm":"Relleno 1","mn":"ADBE Vector Graphic - Fill","hd":false},{"ty":"tr","p":{"a":0,"k":[637.286,104.765],"ix":2},"a":{"a":0,"k":[0,0],"ix":1},"s":{"a":0,"k":[100,100],"ix":3},"r":{"a":0,"k":0,"ix":6},"o":{"a":0,"k":100,"ix":7},"sk":{"a":0,"k":0,"ix":4},"sa":{"a":0,"k":0,"ix":5},"nm":"Transformar"}],"nm":"Grupo 1","np":2,"cix":2,"bm":0,"ix":1,"mn":"ADBE Vector Group","hd":false},{"ty":"gr","it":[{"ind":0,"ty":"sh","ix":1,"ks":{"a":0,"k":{"i":[[2.716,0],[0.795,0.307],[0,0],[0,9.241],[0,0],[-3.733,0],[0,-3.732],[0,0],[-3.438,-1.32],[0,0],[1.336,-3.485]],"o":[[-0.809,0],[0,0],[-8.627,-3.314],[0,0],[0,-3.732],[3.732,0],[0,0],[0,3.683],[0,0],[3.485,1.34],[-1.033,2.69]],"v":[[8.178,25.477],[5.756,25.025],[-1.402,22.276],[-15.824,1.29],[-15.824,-18.719],[-9.065,-25.477],[-2.307,-18.719],[-2.307,1.29],[3.442,9.656],[10.6,12.405],[14.488,21.137]],"c":true},"ix":2},"nm":"Trazado 1","mn":"ADBE Vector Shape - Group","hd":false},{"ty":"fl","c":{"a":0,"k":[0.4745098039215686,0.00392156862745098,0.5490196078431373,1],"ix":4},"o":{"a":0,"k":100,"ix":5},"r":1,"bm":0,"nm":"Relleno 1","mn":"ADBE Vector Graphic - Fill","hd":false},{"ty":"tr","p":{"a":0,"k":[679.037,58.782],"ix":2},"a":{"a":0,"k":[0,0],"ix":1},"s":{"a":0,"k":[100,100],"ix":3},"r":{"a":0,"k":0,"ix":6},"o":{"a":0,"k":100,"ix":7},"sk":{"a":0,"k":0,"ix":4},"sa":{"a":0,"k":0,"ix":5},"nm":"Transformar"}],"nm":"Grupo 2","np":2,"cix":2,"bm":0,"ix":2,"mn":"ADBE Vector Group","hd":false},{"ty":"gr","it":[{"ind":0,"ty":"sh","ix":1,"ks":{"a":0,"k":{"i":[[3.732,0],[0,3.733],[0,0],[0,0],[0,3.732],[-3.733,0],[0,0],[0,-3.733],[0,0]],"o":[[-3.732,0],[0,0],[0,0],[-3.733,0],[0,-3.733],[0,0],[3.732,0],[0,0],[0,3.733]],"v":[[33.871,25.475],[27.112,18.717],[27.112,-11.958],[-33.871,-11.958],[-40.63,-18.716],[-33.871,-25.475],[33.871,-25.475],[40.63,-18.716],[40.63,18.717]],"c":true},"ix":2},"nm":"Trazado 1","mn":"ADBE Vector Shape - Group","hd":false},{"ty":"fl","c":{"a":0,"k":[0.4745098039215686,0.00392156862745098,0.5490196078431373,1],"ix":4},"o":{"a":0,"k":100,"ix":5},"r":1,"bm":0,"nm":"Relleno 1","mn":"ADBE Vector Graphic - Fill","hd":false},{"ty":"tr","p":{"a":0,"k":[653.344,58.781],"ix":2},"a":{"a":0,"k":[0,0],"ix":1},"s":{"a":0,"k":[100,100],"ix":3},"r":{"a":0,"k":0,"ix":6},"o":{"a":0,"k":100,"ix":7},"sk":{"a":0,"k":0,"ix":4},"sa":{"a":0,"k":0,"ix":5},"nm":"Transformar"}],"nm":"Grupo 3","np":2,"cix":2,"bm":0,"ix":3,"mn":"ADBE Vector Group","hd":false},{"ty":"gr","it":[{"ind":0,"ty":"sh","ix":1,"ks":{"a":0,"k":{"i":[[3.732,0],[0,0],[0,3.736],[-3.732,0],[0,0],[0,-3.732]],"o":[[0,0],[-3.732,0],[0,-3.732],[0,0],[3.732,0],[0,3.736]],"v":[[3.82,6.758],[-3.82,6.758],[-10.579,0],[-3.82,-6.758],[3.82,-6.758],[10.579,0]],"c":true},"ix":2},"nm":"Trazado 1","mn":"ADBE Vector Shape - Group","hd":false},{"ty":"fl","c":{"a":0,"k":[0.4745098039215686,0.00392156862745098,0.5490196078431373,1],"ix":4},"o":{"a":0,"k":100,"ix":5},"r":1,"bm":0,"nm":"Relleno 1","mn":"ADBE Vector Graphic - Fill","hd":false},{"ty":"tr","p":{"a":0,"k":[533,153.962],"ix":2},"a":{"a":0,"k":[0,0],"ix":1},"s":{"a":0,"k":[100,100],"ix":3},"r":{"a":0,"k":0,"ix":6},"o":{"a":0,"k":100,"ix":7},"sk":{"a":0,"k":0,"ix":4},"sa":{"a":0,"k":0,"ix":5},"nm":"Transformar"}],"nm":"Grupo 4","np":2,"cix":2,"bm":0,"ix":4,"mn":"ADBE Vector Group","hd":false},{"ty":"gr","it":[{"ind":0,"ty":"sh","ix":1,"ks":{"a":0,"k":{"i":[[3.732,0],[0,0],[0,3.733],[-3.733,0],[0,0],[0,-3.732]],"o":[[0,0],[-3.733,0],[0,-3.732],[0,0],[3.732,0],[0,3.733]],"v":[[44.419,6.758],[-44.419,6.758],[-51.177,0],[-44.419,-6.758],[44.419,-6.758],[51.177,0]],"c":true},"ix":2},"nm":"Trazado 1","mn":"ADBE Vector Shape - Group","hd":false},{"ty":"fl","c":{"a":0,"k":[0.4745098039215686,0.00392156862745098,0.5490196078431373,1],"ix":4},"o":{"a":0,"k":100,"ix":5},"r":1,"bm":0,"nm":"Relleno 1","mn":"ADBE Vector Graphic - Fill","hd":false},{"ty":"tr","p":{"a":0,"k":[554.239,135.627],"ix":2},"a":{"a":0,"k":[0,0],"ix":1},"s":{"a":0,"k":[100,100],"ix":3},"r":{"a":0,"k":0,"ix":6},"o":{"a":0,"k":100,"ix":7},"sk":{"a":0,"k":0,"ix":4},"sa":{"a":0,"k":0,"ix":5},"nm":"Transformar"}],"nm":"Grupo 5","np":2,"cix":2,"bm":0,"ix":5,"mn":"ADBE Vector Group","hd":false},{"ty":"gr","it":[{"ind":0,"ty":"sh","ix":1,"ks":{"a":0,"k":{"i":[[2.789,0],[0.742,0.264],[0,0],[0,2.864],[0,0],[-3.733,0],[0,0],[0,-3.736],[3.732,0],[0,0],[0,0],[0,0],[1.237,-3.518]],"o":[[-0.746,0],[0,0],[-2.706,-0.95],[0,0],[0,-3.736],[0,0],[3.732,0],[0,3.736],[0,0],[0,0],[0,0],[3.521,1.241],[-0.98,2.779]],"v":[[9.739,20.877],[7.495,20.494],[-13.583,13.075],[-18.098,6.7],[-18.098,-14.118],[-11.339,-20.877],[11.34,-20.877],[18.098,-14.118],[11.34,-7.359],[-4.58,-7.359],[-4.58,1.914],[11.983,7.742],[16.115,16.362]],"c":true},"ix":2},"nm":"Trazado 1","mn":"ADBE Vector Shape - Group","hd":false},{"ty":"fl","c":{"a":0,"k":[0.4745098039215686,0.00392156862745098,0.5490196078431373,1],"ix":4},"o":{"a":0,"k":100,"ix":5},"r":1,"bm":0,"nm":"Relleno 1","mn":"ADBE Vector Graphic - Fill","hd":false},{"ty":"tr","p":{"a":0,"k":[636.431,198.712],"ix":2},"a":{"a":0,"k":[0,0],"ix":1},"s":{"a":0,"k":[100,100],"ix":3},"r":{"a":0,"k":0,"ix":6},"o":{"a":0,"k":100,"ix":7},"sk":{"a":0,"k":0,"ix":4},"sa":{"a":0,"k":0,"ix":5},"nm":"Transformar"}],"nm":"Grupo 6","np":2,"cix":2,"bm":0,"ix":6,"mn":"ADBE Vector Group","hd":false},{"ty":"gr","it":[{"ind":0,"ty":"sh","ix":1,"ks":{"a":0,"k":{"i":[[3.732,0],[0,0],[0,3.736],[-3.732,0],[0,0],[0,-3.736]],"o":[[0,0],[-3.732,0],[0,-3.736],[0,0],[3.732,0],[0,3.736]],"v":[[7.854,6.758],[-7.855,6.758],[-14.613,0],[-7.855,-6.758],[7.854,-6.758],[14.613,0]],"c":true},"ix":2},"nm":"Trazado 1","mn":"ADBE Vector Shape - Group","hd":false},{"ty":"fl","c":{"a":0,"k":[0.4745098039215686,0.00392156862745098,0.5490196078431373,1],"ix":4},"o":{"a":0,"k":100,"ix":5},"r":1,"bm":0,"nm":"Relleno 1","mn":"ADBE Vector Graphic - Fill","hd":false},{"ty":"tr","p":{"a":0,"k":[14.889,189.36],"ix":2},"a":{"a":0,"k":[0,0],"ix":1},"s":{"a":0,"k":[100,100],"ix":3},"r":{"a":0,"k":0,"ix":6},"o":{"a":0,"k":100,"ix":7},"sk":{"a":0,"k":0,"ix":4},"sa":{"a":0,"k":0,"ix":5},"nm":"Transformar"}],"nm":"Grupo 7","np":2,"cix":2,"bm":0,"ix":7,"mn":"ADBE Vector Group","hd":false},{"ty":"gr","it":[{"ind":0,"ty":"sh","ix":1,"ks":{"a":0,"k":{"i":[[1.762,0],[1.313,1.274],[-2.601,2.68],[0,0],[0,0],[0,0],[0,3.736],[-3.733,0],[0,0],[0,-3.736],[0,0],[1.224,-1.261],[0,0]],"o":[[-1.696,0],[-2.68,-2.6],[0,0],[0,0],[0,0],[-3.733,0],[0,-3.736],[0,0],[3.732,0],[0,0],[0,1.756],[0,0],[-1.323,1.367]],"v":[[-1.161,35.427],[-5.867,33.519],[-6.012,23.962],[3.62,14.029],[3.62,-21.91],[-10.378,-21.91],[-17.137,-28.669],[-10.378,-35.427],[10.38,-35.427],[17.137,-28.669],[17.137,16.768],[15.23,21.474],[3.689,33.374]],"c":true},"ix":2},"nm":"Trazado 1","mn":"ADBE Vector Shape - Group","hd":false},{"ty":"fl","c":{"a":0,"k":[0.4745098039215686,0.00392156862745098,0.5490196078431373,1],"ix":4},"o":{"a":0,"k":100,"ix":5},"r":1,"bm":0,"nm":"Relleno 1","mn":"ADBE Vector Graphic - Fill","hd":false},{"ty":"tr","p":{"a":0,"k":[17.414,189.357],"ix":2},"a":{"a":0,"k":[0,0],"ix":1},"s":{"a":0,"k":[100,100],"ix":3},"r":{"a":0,"k":0,"ix":6},"o":{"a":0,"k":100,"ix":7},"sk":{"a":0,"k":0,"ix":4},"sa":{"a":0,"k":0,"ix":5},"nm":"Transformar"}],"nm":"Grupo 8","np":2,"cix":2,"bm":0,"ix":8,"mn":"ADBE Vector Group","hd":false},{"ty":"gr","it":[{"ind":0,"ty":"sh","ix":1,"ks":{"a":0,"k":{"i":[[3.732,0],[0,3.733],[0,0],[-3.732,0],[0,-3.733],[0,0]],"o":[[-3.732,0],[0,0],[0,-3.733],[3.732,0],[0,0],[0,3.733]],"v":[[0,36.341],[-6.759,29.583],[-6.759,-29.582],[0,-36.341],[6.759,-29.582],[6.759,29.583]],"c":true},"ix":2},"nm":"Trazado 1","mn":"ADBE Vector Shape - Group","hd":false},{"ty":"fl","c":{"a":0,"k":[0.4745098039215686,0.00392156862745098,0.5490196078431373,1],"ix":4},"o":{"a":0,"k":100,"ix":5},"r":1,"bm":0,"nm":"Relleno 1","mn":"ADBE Vector Graphic - Fill","hd":false},{"ty":"tr","p":{"a":0,"k":[391.51,86.51],"ix":2},"a":{"a":0,"k":[0,0],"ix":1},"s":{"a":0,"k":[100,100],"ix":3},"r":{"a":0,"k":0,"ix":6},"o":{"a":0,"k":100,"ix":7},"sk":{"a":0,"k":0,"ix":4},"sa":{"a":0,"k":0,"ix":5},"nm":"Transformar"}],"nm":"Grupo 9","np":2,"cix":2,"bm":0,"ix":9,"mn":"ADBE Vector Group","hd":false},{"ty":"gr","it":[{"ind":0,"ty":"sh","ix":1,"ks":{"a":0,"k":{"i":[[3.732,0],[0,3.733],[0,0],[-3.732,0],[0,-3.733],[0,0]],"o":[[-3.732,0],[0,0],[0,-3.733],[3.732,0],[0,0],[0,3.733]],"v":[[0,36.341],[-6.759,29.583],[-6.759,-29.582],[0,-36.341],[6.759,-29.582],[6.759,29.583]],"c":true},"ix":2},"nm":"Trazado 1","mn":"ADBE Vector Shape - Group","hd":false},{"ty":"fl","c":{"a":0,"k":[0.4745098039215686,0.00392156862745098,0.5490196078431373,1],"ix":4},"o":{"a":0,"k":100,"ix":5},"r":1,"bm":0,"nm":"Relleno 1","mn":"ADBE Vector Graphic - Fill","hd":false},{"ty":"tr","p":{"a":0,"k":[304.812,86.51],"ix":2},"a":{"a":0,"k":[0,0],"ix":1},"s":{"a":0,"k":[100,100],"ix":3},"r":{"a":0,"k":0,"ix":6},"o":{"a":0,"k":100,"ix":7},"sk":{"a":0,"k":0,"ix":4},"sa":{"a":0,"k":0,"ix":5},"nm":"Transformar"}],"nm":"Grupo 10","np":2,"cix":2,"bm":0,"ix":10,"mn":"ADBE Vector Group","hd":false},{"ty":"gr","it":[{"ind":0,"ty":"sh","ix":1,"ks":{"a":0,"k":{"i":[[3.732,0],[0,3.733],[0,0],[-3.732,0],[0,-3.733],[0,0]],"o":[[-3.732,0],[0,0],[0,-3.733],[3.732,0],[0,0],[0,3.733]],"v":[[0,36.341],[-6.759,29.583],[-6.759,-29.582],[0,-36.341],[6.759,-29.582],[6.759,29.583]],"c":true},"ix":2},"nm":"Trazado 1","mn":"ADBE Vector Shape - Group","hd":false},{"ty":"fl","c":{"a":0,"k":[0.4745098039215686,0.00392156862745098,0.5490196078431373,1],"ix":4},"o":{"a":0,"k":100,"ix":5},"r":1,"bm":0,"nm":"Relleno 1","mn":"ADBE Vector Graphic - Fill","hd":false},{"ty":"tr","p":{"a":0,"k":[218.113,86.51],"ix":2},"a":{"a":0,"k":[0,0],"ix":1},"s":{"a":0,"k":[100,100],"ix":3},"r":{"a":0,"k":0,"ix":6},"o":{"a":0,"k":100,"ix":7},"sk":{"a":0,"k":0,"ix":4},"sa":{"a":0,"k":0,"ix":5},"nm":"Transformar"}],"nm":"Grupo 11","np":2,"cix":2,"bm":0,"ix":11,"mn":"ADBE Vector Group","hd":false},{"ty":"gr","it":[{"ind":0,"ty":"sh","ix":1,"ks":{"a":0,"k":{"i":[[3.732,0],[0,3.733],[0,0],[-3.732,0],[0,-3.733],[0,0]],"o":[[-3.732,0],[0,0],[0,-3.733],[3.732,0],[0,0],[0,3.733]],"v":[[0,36.341],[-6.759,29.583],[-6.759,-29.582],[0,-36.341],[6.759,-29.582],[6.759,29.583]],"c":true},"ix":2},"nm":"Trazado 1","mn":"ADBE Vector Shape - Group","hd":false},{"ty":"fl","c":{"a":0,"k":[0.4745098039215686,0.00392156862745098,0.5490196078431373,1],"ix":4},"o":{"a":0,"k":100,"ix":5},"r":1,"bm":0,"nm":"Relleno 1","mn":"ADBE Vector Graphic - Fill","hd":false},{"ty":"tr","p":{"a":0,"k":[131.418,86.51],"ix":2},"a":{"a":0,"k":[0,0],"ix":1},"s":{"a":0,"k":[100,100],"ix":3},"r":{"a":0,"k":0,"ix":6},"o":{"a":0,"k":100,"ix":7},"sk":{"a":0,"k":0,"ix":4},"sa":{"a":0,"k":0,"ix":5},"nm":"Transformar"}],"nm":"Grupo 12","np":2,"cix":2,"bm":0,"ix":12,"mn":"ADBE Vector Group","hd":false},{"ty":"gr","it":[{"ind":0,"ty":"sh","ix":1,"ks":{"a":0,"k":{"i":[[0,0],[0,0],[0,1.38],[0,0],[1.379,0],[0,0],[0,-1.379],[0,0]],"o":[[0,0],[1.379,0],[0,0],[0,-1.379],[0,0],[-1.383,0],[0,0],[0,0]],"v":[[-140.684,42.358],[206.15,42.358],[208.65,39.856],[208.65,-39.856],[206.15,-42.357],[-206.146,-42.357],[-208.651,-39.856],[-208.651,-4.923]],"c":true},"ix":2},"nm":"Trazado 1","mn":"ADBE Vector Shape - Group","hd":false},{"ind":1,"ty":"sh","ix":2,"ks":{"a":0,"k":{"i":[[8.831,0],[0,0],[1.135,0.789],[0,0],[0,2.211],[0,0],[-8.835,0],[0,0],[0,-8.834],[0,0]],"o":[[0,0],[-1.379,0],[0,0],[-1.815,-1.264],[0,0],[0,-8.834],[0,0],[8.831,0],[0,0],[0,8.835]],"v":[[206.15,55.875],[-142.803,55.875],[-146.664,54.664],[-219.271,4.155],[-222.168,-1.392],[-222.168,-39.856],[-206.146,-55.875],[206.15,-55.875],[222.168,-39.856],[222.168,39.856]],"c":true},"ix":2},"nm":"Trazado 2","mn":"ADBE Vector Shape - Group","hd":false},{"ty":"mm","mm":1,"nm":"Combinar trazados 1","mn":"ADBE Vector Filter - Merge","hd":false},{"ty":"fl","c":{"a":0,"k":[0.4745098039215686,0.00392156862745098,0.5490196078431373,1],"ix":4},"o":{"a":0,"k":100,"ix":5},"r":1,"bm":0,"nm":"Relleno 1","mn":"ADBE Vector Graphic - Fill","hd":false},{"ty":"tr","p":{"a":0,"k":[258.621,86.51],"ix":2},"a":{"a":0,"k":[0,0],"ix":1},"s":{"a":0,"k":[100,100],"ix":3},"r":{"a":0,"k":0,"ix":6},"o":{"a":0,"k":100,"ix":7},"sk":{"a":0,"k":0,"ix":4},"sa":{"a":0,"k":0,"ix":5},"nm":"Transformar"}],"nm":"Grupo 13","np":4,"cix":2,"bm":0,"ix":13,"mn":"ADBE Vector Group","hd":false},{"ty":"gr","it":[{"ind":0,"ty":"sh","ix":1,"ks":{"a":0,"k":{"i":[[0,0],[0,-5.492],[0,0],[-3.339,-0.752],[-9.34,-7.405],[-3.495,-4.957],[-0.261,0],[0,0],[0,0.753],[0,0],[5.492,0]],"o":[[-5.491,0],[0,0],[0,3.525],[8.446,1.915],[13.841,10.977],[0.314,0.448],[0,0],[0.753,0],[0,0],[0,-5.492],[0,0]],"v":[[-27.703,-81.132],[-37.66,-71.174],[-37.66,34.17],[-31.898,41.562],[-2.087,54.723],[23.172,80.617],[24.232,81.13],[36.297,81.13],[37.66,79.764],[37.66,-71.174],[27.703,-81.132]],"c":true},"ix":2},"nm":"Trazado 1","mn":"ADBE Vector Shape - Group","hd":false},{"ind":1,"ty":"sh","ix":2,"ks":{"a":0,"k":{"i":[[8.204,0],[0,0],[2.759,3.907],[12.511,9.927],[7.078,1.604],[0,9.94],[0,0],[-12.943,0],[0,0],[0,-12.944],[0,0]],"o":[[0,0],[-4.822,0],[-3.079,-4.376],[-7.343,-5.821],[-9.591,-2.178],[0,0],[0,-12.944],[0,0],[12.944,0],[0,0],[0,8.204]],"v":[[36.297,94.648],[24.232,94.648],[12.123,88.411],[-10.489,65.31],[-34.887,54.75],[-51.177,34.17],[-51.177,-71.174],[-27.703,-94.648],[27.703,-94.648],[51.177,-71.174],[51.177,79.764]],"c":true},"ix":2},"nm":"Trazado 2","mn":"ADBE Vector Shape - Group","hd":false},{"ty":"mm","mm":1,"nm":"Combinar trazados 1","mn":"ADBE Vector Filter - Merge","hd":false},{"ty":"fl","c":{"a":0,"k":[0.4745098039215686,0.00392156862745098,0.5490196078431373,1],"ix":4},"o":{"a":0,"k":100,"ix":5},"r":1,"bm":0,"nm":"Relleno 1","mn":"ADBE Vector Graphic - Fill","hd":false},{"ty":"tr","p":{"a":0,"k":[554.239,125.284],"ix":2},"a":{"a":0,"k":[0,0],"ix":1},"s":{"a":0,"k":[100,100],"ix":3},"r":{"a":0,"k":0,"ix":6},"o":{"a":0,"k":100,"ix":7},"sk":{"a":0,"k":0,"ix":4},"sa":{"a":0,"k":0,"ix":5},"nm":"Transformar"}],"nm":"Grupo 14","np":4,"cix":2,"bm":0,"ix":14,"mn":"ADBE Vector Group","hd":false},{"ty":"gr","it":[{"ind":0,"ty":"sh","ix":1,"ks":{"a":0,"k":{"i":[[-3.346,-27.754],[0,0],[-5.65,8.594],[0,11.352],[0,0],[10.88,0],[0,0],[0,-10.844],[0,0],[-11.373,-3.763],[0,0],[-2.851,0],[0,0],[-28.645,0],[-3.346,-27.754],[0,0],[-28.682,0]],"o":[[0,0],[10.28,0],[6.26,-9.478],[0,0],[0,-10.844],[0,0],[-10.881,0],[0,0],[0,11.927],[0,0],[2.872,0.944],[0,0],[3.347,-27.754],[28.645,0],[0,0],[3.35,-27.754],[28.645,0]],"v":[[232.84,116.082],[279.003,116.082],[304.443,102.36],[314.01,70.527],[314.01,-96.412],[294.275,-116.081],[-294.275,-116.081],[-314.01,-96.412],[-314.01,70.124],[-294.994,96.354],[-239.44,114.663],[-230.81,116.082],[-214.725,116.082],[-159.031,66.745],[-103.341,116.082],[121.387,116.082],[177.146,66.745]],"c":true},"ix":2},"nm":"Trazado 1","mn":"ADBE Vector Shape - Group","hd":false},{"ind":1,"ty":"sh","ix":2,"ks":{"a":0,"k":{"i":[[14.844,0],[0,0],[0,3.736],[23.48,0],[0,-23.478],[3.732,0],[0,0],[0,3.736],[23.477,0],[0,-23.478],[3.733,0],[0,0],[4.244,1.386],[0,0],[0,17.775],[0,0],[-18.336,0],[0,0],[0,-18.3],[0,0],[7.719,-11.682]],"o":[[0,0],[-3.732,0],[0,-23.478],[-23.517,0],[0,3.736],[0,0],[-3.732,0],[0,-23.478],[-23.481,0],[0,3.736],[0,0],[-4.28,0],[0,0],[-16.929,-5.597],[0,0],[0,-18.3],[0,0],[18.336,0],[0,0],[0,14.012],[-8.151,12.396]],"v":[[279.002,129.599],[226.486,129.599],[219.727,122.841],[177.146,80.262],[134.499,122.841],[127.739,129.599],[-109.694,129.599],[-116.452,122.841],[-159.031,80.262],[-201.613,122.841],[-208.372,129.599],[-230.81,129.599],[-243.654,127.507],[-299.229,109.191],[-327.527,70.124],[-327.527,-96.412],[-294.275,-129.599],[294.276,-129.599],[327.527,-96.412],[327.527,70.527],[315.729,109.798]],"c":true},"ix":2},"nm":"Trazado 2","mn":"ADBE Vector Shape - Group","hd":false},{"ty":"mm","mm":1,"nm":"Combinar trazados 1","mn":"ADBE Vector Filter - Merge","hd":false},{"ty":"fl","c":{"a":0,"k":[0.4745098039215686,0.00392156862745098,0.5490196078431373,1],"ix":4},"o":{"a":0,"k":100,"ix":5},"r":1,"bm":0,"nm":"Relleno 1","mn":"ADBE Vector Graphic - Fill","hd":false},{"ty":"tr","p":{"a":0,"k":[327.777,129.849],"ix":2},"a":{"a":0,"k":[0,0],"ix":1},"s":{"a":0,"k":[100,100],"ix":3},"r":{"a":0,"k":0,"ix":6},"o":{"a":0,"k":100,"ix":7},"sk":{"a":0,"k":0,"ix":4},"sa":{"a":0,"k":0,"ix":5},"nm":"Transformar"}],"nm":"Grupo 15","np":4,"cix":2,"bm":0,"ix":15,"mn":"ADBE Vector Group","hd":false}],"ip":0,"op":240.0000097754,"st":0,"bm":0},{"ddd":0,"ind":7,"ty":4,"nm":"llanta contornos 2","parent":6,"sr":1,"ks":{"o":{"a":0,"k":100,"ix":11},"r":{"a":1,"k":[{"i":{"x":[0.667],"y":[1]},"o":{"x":[0.167],"y":[0.167]},"t":5,"s":[0]},{"i":{"x":[0.667],"y":[1]},"o":{"x":[0.775],"y":[0]},"t":159.519,"s":[2880]},{"t":191.000007779589,"s":[4320]}],"ix":10},"p":{"a":0,"k":[170.371,255.775,0],"ix":2,"l":2},"a":{"a":0,"k":[46.272,46.274,0],"ix":1,"l":2},"s":{"a":0,"k":[100,100,100],"ix":6,"l":2}},"ao":0,"shapes":[{"ty":"gr","it":[{"ind":0,"ty":"sh","ix":1,"ks":{"a":0,"k":{"i":[[0.983,0],[0.623,0.508],[-1.175,1.452],[-0.482,0.885],[-0.118,2.435],[-1.799,-0.152],[0.089,-1.868],[1.634,-3.016],[0.914,-1.129]],"o":[[-0.746,0],[-1.449,-1.182],[0.65,-0.799],[1.152,-2.125],[0.093,-1.862],[1.861,0.086],[-0.169,3.438],[-0.68,1.254],[-0.667,0.818]],"v":[[-2.031,9.191],[-4.156,8.439],[-4.652,3.68],[-2.955,1.145],[-1.015,-5.831],[2.527,-9.039],[5.738,-5.501],[2.985,4.366],[0.595,7.944]],"c":true},"ix":2},"nm":"Trazado 1","mn":"ADBE Vector Shape - Group","hd":false},{"ty":"fl","c":{"a":0,"k":[0.4745098039215686,0.00392156862745098,0.5490196078431373,1],"ix":4},"o":{"a":0,"k":100,"ix":5},"r":1,"bm":0,"nm":"Relleno 1","mn":"ADBE Vector Graphic - Fill","hd":false},{"ty":"tr","p":{"a":0,"k":[63.536,53.3],"ix":2},"a":{"a":0,"k":[0,0],"ix":1},"s":{"a":0,"k":[100,100],"ix":3},"r":{"a":0,"k":0,"ix":6},"o":{"a":0,"k":100,"ix":7},"sk":{"a":0,"k":0,"ix":4},"sa":{"a":0,"k":0,"ix":5},"nm":"Transformar"}],"nm":"Grupo 1","np":2,"cix":2,"bm":0,"ix":1,"mn":"ADBE Vector Group","hd":false},{"ty":"gr","it":[{"ind":0,"ty":"sh","ix":1,"ks":{"a":0,"k":{"i":[[0.667,0],[0.66,0.943],[-1.076,6.053],[-5.043,3.518],[-6.052,-1.082],[-3.522,-5.043],[1.532,-1.069],[1.076,1.538],[4.274,0.76],[3.564,-2.488],[0.759,-4.277],[-2.488,-3.558],[1.531,-1.069]],"o":[[-1.066,0],[-3.518,-5.043],[1.076,-6.052],[5.039,-3.511],[6.053,1.076],[1.065,1.531],[-1.524,1.069],[-2.485,-3.558],[-4.277,-0.759],[-3.561,2.482],[-0.762,4.277],[1.066,1.531],[-0.588,0.409]],"v":[[-14.197,19.18],[-16.972,17.736],[-20.761,0.535],[-11.273,-14.309],[5.927,-18.098],[20.772,-8.613],[19.933,-3.907],[15.227,-4.745],[4.746,-11.445],[-7.405,-8.765],[-14.105,1.717],[-11.428,13.868],[-12.266,18.574]],"c":true},"ix":2},"nm":"Trazado 1","mn":"ADBE Vector Shape - Group","hd":false},{"ty":"fl","c":{"a":0,"k":[0.4745098039215686,0.00392156862745098,0.5490196078431373,1],"ix":4},"o":{"a":0,"k":100,"ix":5},"r":1,"bm":0,"nm":"Relleno 1","mn":"ADBE Vector Graphic - Fill","hd":false},{"ty":"tr","p":{"a":0,"k":[44.383,42.142],"ix":2},"a":{"a":0,"k":[0,0],"ix":1},"s":{"a":0,"k":[100,100],"ix":3},"r":{"a":0,"k":0,"ix":6},"o":{"a":0,"k":100,"ix":7},"sk":{"a":0,"k":0,"ix":4},"sa":{"a":0,"k":0,"ix":5},"nm":"Transformar"}],"nm":"Grupo 2","np":2,"cix":2,"bm":0,"ix":2,"mn":"ADBE Vector Group","hd":false},{"ty":"gr","it":[{"ind":0,"ty":"sh","ix":1,"ks":{"a":0,"k":{"i":[[-4.908,0],[0,-4.908],[4.908,0],[0,4.908]],"o":[[4.908,0],[0,4.908],[-4.908,0],[0,-4.908]],"v":[[0,-8.887],[8.887,0],[0,8.887],[-8.887,0]],"c":true},"ix":2},"nm":"Trazado 1","mn":"ADBE Vector Shape - Group","hd":false},{"ty":"fl","c":{"a":0,"k":[0.4745098039215686,0.00392156862745098,0.5490196078431373,1],"ix":4},"o":{"a":0,"k":100,"ix":5},"r":1,"bm":0,"nm":"Relleno 1","mn":"ADBE Vector Graphic - Fill","hd":false},{"ty":"tr","p":{"a":0,"k":[46.271,46.446],"ix":2},"a":{"a":0,"k":[0,0],"ix":1},"s":{"a":0,"k":[100,100],"ix":3},"r":{"a":0,"k":0,"ix":6},"o":{"a":0,"k":100,"ix":7},"sk":{"a":0,"k":0,"ix":4},"sa":{"a":0,"k":0,"ix":5},"nm":"Transformar"}],"nm":"Grupo 3","np":2,"cix":2,"bm":0,"ix":3,"mn":"ADBE Vector Group","hd":false},{"ty":"gr","it":[{"ind":0,"ty":"sh","ix":1,"ks":{"a":0,"k":{"i":[[17.923,0],[0,-17.927],[-17.923,0],[0,17.926]],"o":[[-17.923,0],[0,17.926],[17.923,0],[0,-17.927]],"v":[[-0.001,-32.507],[-32.505,0],[-0.001,32.506],[32.505,0]],"c":true},"ix":2},"nm":"Trazado 1","mn":"ADBE Vector Shape - Group","hd":false},{"ind":1,"ty":"sh","ix":2,"ks":{"a":0,"k":{"i":[[25.378,0],[0,25.378],[-25.375,0],[0,-25.379]],"o":[[-25.375,0],[0,-25.379],[25.378,0],[0,25.378]],"v":[[-0.001,46.024],[-46.023,0],[-0.001,-46.024],[46.023,0]],"c":true},"ix":2},"nm":"Trazado 2","mn":"ADBE Vector Shape - Group","hd":false},{"ty":"mm","mm":1,"nm":"Combinar trazados 1","mn":"ADBE Vector Filter - Merge","hd":false},{"ty":"fl","c":{"a":0,"k":[0.4745098039215686,0.00392156862745098,0.5490196078431373,1],"ix":4},"o":{"a":0,"k":100,"ix":5},"r":1,"bm":0,"nm":"Relleno 1","mn":"ADBE Vector Graphic - Fill","hd":false},{"ty":"tr","p":{"a":0,"k":[46.272,46.274],"ix":2},"a":{"a":0,"k":[0,0],"ix":1},"s":{"a":0,"k":[100,100],"ix":3},"r":{"a":0,"k":0,"ix":6},"o":{"a":0,"k":100,"ix":7},"sk":{"a":0,"k":0,"ix":4},"sa":{"a":0,"k":0,"ix":5},"nm":"Transformar"}],"nm":"Grupo 4","np":4,"cix":2,"bm":0,"ix":4,"mn":"ADBE Vector Group","hd":false}],"ip":0,"op":240.0000097754,"st":0,"bm":0},{"ddd":0,"ind":8,"ty":4,"nm":"llanta contornos","parent":6,"sr":1,"ks":{"o":{"a":0,"k":100,"ix":11},"r":{"a":1,"k":[{"i":{"x":[0.667],"y":[1]},"o":{"x":[0.167],"y":[0.167]},"t":5,"s":[0]},{"i":{"x":[0.667],"y":[1]},"o":{"x":[0.775],"y":[0]},"t":159.519,"s":[2880]},{"t":191.000007779589,"s":[4320]}],"ix":10},"p":{"a":0,"k":[505.279,255.775,0],"ix":2,"l":2},"a":{"a":0,"k":[46.272,46.274,0],"ix":1,"l":2},"s":{"a":0,"k":[100,100,100],"ix":6,"l":2}},"ao":0,"shapes":[{"ty":"gr","it":[{"ind":0,"ty":"sh","ix":1,"ks":{"a":0,"k":{"i":[[0.983,0],[0.623,0.508],[-1.175,1.452],[-0.482,0.885],[-0.118,2.435],[-1.799,-0.152],[0.089,-1.868],[1.634,-3.016],[0.914,-1.129]],"o":[[-0.746,0],[-1.449,-1.182],[0.65,-0.799],[1.152,-2.125],[0.093,-1.862],[1.861,0.086],[-0.169,3.438],[-0.68,1.254],[-0.667,0.818]],"v":[[-2.031,9.191],[-4.156,8.439],[-4.652,3.68],[-2.955,1.145],[-1.015,-5.831],[2.527,-9.039],[5.738,-5.501],[2.985,4.366],[0.595,7.944]],"c":true},"ix":2},"nm":"Trazado 1","mn":"ADBE Vector Shape - Group","hd":false},{"ty":"fl","c":{"a":0,"k":[0.4745098039215686,0.00392156862745098,0.5490196078431373,1],"ix":4},"o":{"a":0,"k":100,"ix":5},"r":1,"bm":0,"nm":"Relleno 1","mn":"ADBE Vector Graphic - Fill","hd":false},{"ty":"tr","p":{"a":0,"k":[63.536,53.3],"ix":2},"a":{"a":0,"k":[0,0],"ix":1},"s":{"a":0,"k":[100,100],"ix":3},"r":{"a":0,"k":0,"ix":6},"o":{"a":0,"k":100,"ix":7},"sk":{"a":0,"k":0,"ix":4},"sa":{"a":0,"k":0,"ix":5},"nm":"Transformar"}],"nm":"Grupo 1","np":2,"cix":2,"bm":0,"ix":1,"mn":"ADBE Vector Group","hd":false},{"ty":"gr","it":[{"ind":0,"ty":"sh","ix":1,"ks":{"a":0,"k":{"i":[[0.667,0],[0.66,0.943],[-1.076,6.053],[-5.043,3.518],[-6.052,-1.082],[-3.522,-5.043],[1.532,-1.069],[1.076,1.538],[4.274,0.76],[3.564,-2.488],[0.759,-4.277],[-2.488,-3.558],[1.531,-1.069]],"o":[[-1.066,0],[-3.518,-5.043],[1.076,-6.052],[5.039,-3.511],[6.053,1.076],[1.065,1.531],[-1.524,1.069],[-2.485,-3.558],[-4.277,-0.759],[-3.561,2.482],[-0.762,4.277],[1.066,1.531],[-0.588,0.409]],"v":[[-14.197,19.18],[-16.972,17.736],[-20.761,0.535],[-11.273,-14.309],[5.927,-18.098],[20.772,-8.613],[19.933,-3.907],[15.227,-4.745],[4.746,-11.445],[-7.405,-8.765],[-14.105,1.717],[-11.428,13.868],[-12.266,18.574]],"c":true},"ix":2},"nm":"Trazado 1","mn":"ADBE Vector Shape - Group","hd":false},{"ty":"fl","c":{"a":0,"k":[0.4745098039215686,0.00392156862745098,0.5490196078431373,1],"ix":4},"o":{"a":0,"k":100,"ix":5},"r":1,"bm":0,"nm":"Relleno 1","mn":"ADBE Vector Graphic - Fill","hd":false},{"ty":"tr","p":{"a":0,"k":[44.383,42.142],"ix":2},"a":{"a":0,"k":[0,0],"ix":1},"s":{"a":0,"k":[100,100],"ix":3},"r":{"a":0,"k":0,"ix":6},"o":{"a":0,"k":100,"ix":7},"sk":{"a":0,"k":0,"ix":4},"sa":{"a":0,"k":0,"ix":5},"nm":"Transformar"}],"nm":"Grupo 2","np":2,"cix":2,"bm":0,"ix":2,"mn":"ADBE Vector Group","hd":false},{"ty":"gr","it":[{"ind":0,"ty":"sh","ix":1,"ks":{"a":0,"k":{"i":[[-4.908,0],[0,-4.908],[4.908,0],[0,4.908]],"o":[[4.908,0],[0,4.908],[-4.908,0],[0,-4.908]],"v":[[0,-8.887],[8.887,0],[0,8.887],[-8.887,0]],"c":true},"ix":2},"nm":"Trazado 1","mn":"ADBE Vector Shape - Group","hd":false},{"ty":"fl","c":{"a":0,"k":[0.4745098039215686,0.00392156862745098,0.5490196078431373,1],"ix":4},"o":{"a":0,"k":100,"ix":5},"r":1,"bm":0,"nm":"Relleno 1","mn":"ADBE Vector Graphic - Fill","hd":false},{"ty":"tr","p":{"a":0,"k":[46.271,46.446],"ix":2},"a":{"a":0,"k":[0,0],"ix":1},"s":{"a":0,"k":[100,100],"ix":3},"r":{"a":0,"k":0,"ix":6},"o":{"a":0,"k":100,"ix":7},"sk":{"a":0,"k":0,"ix":4},"sa":{"a":0,"k":0,"ix":5},"nm":"Transformar"}],"nm":"Grupo 3","np":2,"cix":2,"bm":0,"ix":3,"mn":"ADBE Vector Group","hd":false},{"ty":"gr","it":[{"ind":0,"ty":"sh","ix":1,"ks":{"a":0,"k":{"i":[[17.923,0],[0,-17.927],[-17.923,0],[0,17.926]],"o":[[-17.923,0],[0,17.926],[17.923,0],[0,-17.927]],"v":[[-0.001,-32.507],[-32.505,0],[-0.001,32.506],[32.505,0]],"c":true},"ix":2},"nm":"Trazado 1","mn":"ADBE Vector Shape - Group","hd":false},{"ind":1,"ty":"sh","ix":2,"ks":{"a":0,"k":{"i":[[25.378,0],[0,25.378],[-25.375,0],[0,-25.379]],"o":[[-25.375,0],[0,-25.379],[25.378,0],[0,25.378]],"v":[[-0.001,46.024],[-46.023,0],[-0.001,-46.024],[46.023,0]],"c":true},"ix":2},"nm":"Trazado 2","mn":"ADBE Vector Shape - Group","hd":false},{"ty":"mm","mm":1,"nm":"Combinar trazados 1","mn":"ADBE Vector Filter - Merge","hd":false},{"ty":"fl","c":{"a":0,"k":[0.4745098039215686,0.00392156862745098,0.5490196078431373,1],"ix":4},"o":{"a":0,"k":100,"ix":5},"r":1,"bm":0,"nm":"Relleno 1","mn":"ADBE Vector Graphic - Fill","hd":false},{"ty":"tr","p":{"a":0,"k":[46.272,46.274],"ix":2},"a":{"a":0,"k":[0,0],"ix":1},"s":{"a":0,"k":[100,100],"ix":3},"r":{"a":0,"k":0,"ix":6},"o":{"a":0,"k":100,"ix":7},"sk":{"a":0,"k":0,"ix":4},"sa":{"a":0,"k":0,"ix":5},"nm":"Transformar"}],"nm":"Grupo 4","np":4,"cix":2,"bm":0,"ix":4,"mn":"ADBE Vector Group","hd":false}],"ip":0,"op":240.0000097754,"st":0,"bm":0},{"ddd":0,"ind":9,"ty":4,"nm":"relleno de bus","sr":1,"ks":{"o":{"a":0,"k":100,"ix":11},"r":{"a":0,"k":0,"ix":10},"p":{"a":0,"k":[400,400,0],"ix":2,"l":2},"a":{"a":0,"k":[0,0,0],"ix":1,"l":2},"s":{"a":0,"k":[100,100,100],"ix":6,"l":2}},"ao":0,"shapes":[{"ty":"gr","it":[{"ind":0,"ty":"sh","ix":1,"ks":{"a":0,"k":{"i":[[0,0],[0,0],[3,-18.5],[0,0],[0,0],[0,0],[-32.5,-2.5],[0,0],[0,0],[-23.5,-8],[0,0],[-30,-0.5],[0,0],[0,1.5],[0,0],[0,0]],"o":[[0,0],[0,0],[-3,18.5],[0,0],[0,0],[0,0],[32.5,2.5],[0,0],[0,0],[34.5,0],[0,0],[36.5,-3.5],[0,0],[0,-1.5],[0,0],[0,0]],"v":[[-243,-101],[-265.5,-83],[-265.5,60],[-256,77.5],[-192,98],[-162.5,93],[-134.5,134],[-99.5,101],[100.5,97.5],[135.5,134.5],[171,99.5],[220.5,99],[255,54.5],[256,-79.5],[250.5,-92],[241.5,-100]],"c":true},"ix":2},"nm":"Trazado 1","mn":"ADBE Vector Shape - Group","hd":false},{"ty":"fl","c":{"a":0,"k":[0.9411764705882353,0.9254901960784314,0.8901960784313725,1],"ix":4},"o":{"a":0,"k":100,"ix":5},"r":1,"bm":0,"nm":"Relleno 1","mn":"ADBE Vector Graphic - Fill","hd":false},{"ty":"tr","p":{"a":0,"k":[0,0],"ix":2},"a":{"a":0,"k":[0,0],"ix":1},"s":{"a":0,"k":[100,100],"ix":3},"r":{"a":0,"k":0,"ix":6},"o":{"a":0,"k":100,"ix":7},"sk":{"a":0,"k":0,"ix":4},"sa":{"a":0,"k":0,"ix":5},"nm":"Transformar"}],"nm":"Forma 1","np":3,"cix":2,"bm":0,"ix":1,"mn":"ADBE Vector Group","hd":false}],"ip":0,"op":240.0000097754,"st":0,"bm":0},{"ddd":0,"ind":10,"ty":4,"nm":"paradero contornos","sr":1,"ks":{"o":{"a":0,"k":100,"ix":11},"r":{"a":0,"k":0,"ix":10},"p":{"a":1,"k":[{"i":{"x":0.833,"y":0.833},"o":{"x":0.167,"y":0.167},"t":48,"s":[1002.639,420.357,0],"to":[-202.667,0,0],"ti":[202.667,0,0]},{"t":96.0000039101602,"s":[-213.361,420.357,0]}],"ix":2,"l":2},"a":{"a":0,"k":[226.595,154.465,0],"ix":1,"l":2},"s":{"a":0,"k":[81,81,100],"ix":6,"l":2}},"ao":0,"shapes":[{"ty":"gr","it":[{"ind":0,"ty":"sh","ix":1,"ks":{"a":0,"k":{"i":[[3.736,0],[0,3.736],[0,0],[-3.736,0],[0,-3.736],[0,0]],"o":[[-3.736,0],[0,0],[0,-3.736],[3.736,0],[0,0],[0,3.736]],"v":[[0,24.807],[-6.759,18.049],[-6.759,-18.048],[0,-24.807],[6.759,-18.048],[6.759,18.049]],"c":true},"ix":2},"nm":"Trazado 1","mn":"ADBE Vector Shape - Group","hd":false},{"ty":"fl","c":{"a":0,"k":[0.4745098039215686,0.00392156862745098,0.5490196078431373,1],"ix":4},"o":{"a":0,"k":100,"ix":5},"r":1,"bm":0,"nm":"Relleno 1","mn":"ADBE Vector Graphic - Fill","hd":false},{"ty":"tr","p":{"a":0,"k":[17.279,283.873],"ix":2},"a":{"a":0,"k":[0,0],"ix":1},"s":{"a":0,"k":[100,100],"ix":3},"r":{"a":0,"k":0,"ix":6},"o":{"a":0,"k":100,"ix":7},"sk":{"a":0,"k":0,"ix":4},"sa":{"a":0,"k":0,"ix":5},"nm":"Transformar"}],"nm":"Grupo 1","np":2,"cix":2,"bm":0,"ix":1,"mn":"ADBE Vector Group","hd":false},{"ty":"gr","it":[{"ind":0,"ty":"sh","ix":1,"ks":{"a":0,"k":{"i":[[0,0],[0,0],[0,0],[0,0]],"o":[[0,0],[0,0],[0,0],[0,0]],"v":[[-3.511,120.593],[3.512,120.593],[3.512,-120.592],[-3.511,-120.592]],"c":true},"ix":2},"nm":"Trazado 1","mn":"ADBE Vector Shape - Group","hd":false},{"ind":1,"ty":"sh","ix":2,"ks":{"a":0,"k":{"i":[[3.736,0],[0,0],[0,3.736],[0,0],[-3.736,0],[0,0],[0,-3.732],[0,0]],"o":[[0,0],[-3.736,0],[0,0],[0,-3.732],[0,0],[3.736,0],[0,0],[0,3.736]],"v":[[10.27,134.11],[-10.27,134.11],[-17.029,127.351],[-17.029,-127.352],[-10.27,-134.11],[10.27,-134.11],[17.029,-127.352],[17.029,127.351]],"c":true},"ix":2},"nm":"Trazado 2","mn":"ADBE Vector Shape - Group","hd":false},{"ty":"mm","mm":1,"nm":"Combinar trazados 1","mn":"ADBE Vector Filter - Merge","hd":false},{"ty":"fl","c":{"a":0,"k":[0.4745098039215686,0.00392156862745098,0.5490196078431373,1],"ix":4},"o":{"a":0,"k":100,"ix":5},"r":1,"bm":0,"nm":"Relleno 1","mn":"ADBE Vector Graphic - Fill","hd":false},{"ty":"tr","p":{"a":0,"k":[17.279,134.36],"ix":2},"a":{"a":0,"k":[0,0],"ix":1},"s":{"a":0,"k":[100,100],"ix":3},"r":{"a":0,"k":0,"ix":6},"o":{"a":0,"k":100,"ix":7},"sk":{"a":0,"k":0,"ix":4},"sa":{"a":0,"k":0,"ix":5},"nm":"Transformar"}],"nm":"Grupo 2","np":4,"cix":2,"bm":0,"ix":2,"mn":"ADBE Vector Group","hd":false},{"ty":"gr","it":[{"ind":0,"ty":"sh","ix":1,"ks":{"a":0,"k":{"i":[[3.736,0],[0,3.736],[0,0],[-3.736,0],[0,-3.736],[0,0]],"o":[[-3.736,0],[0,0],[0,-3.736],[3.736,0],[0,0],[0,3.736]],"v":[[0,24.807],[-6.759,18.049],[-6.759,-18.048],[0,-24.807],[6.759,-18.048],[6.759,18.049]],"c":true},"ix":2},"nm":"Trazado 1","mn":"ADBE Vector Shape - Group","hd":false},{"ty":"fl","c":{"a":0,"k":[0.4745098039215686,0.00392156862745098,0.5490196078431373,1],"ix":4},"o":{"a":0,"k":100,"ix":5},"r":1,"bm":0,"nm":"Relleno 1","mn":"ADBE Vector Graphic - Fill","hd":false},{"ty":"tr","p":{"a":0,"k":[435.911,283.873],"ix":2},"a":{"a":0,"k":[0,0],"ix":1},"s":{"a":0,"k":[100,100],"ix":3},"r":{"a":0,"k":0,"ix":6},"o":{"a":0,"k":100,"ix":7},"sk":{"a":0,"k":0,"ix":4},"sa":{"a":0,"k":0,"ix":5},"nm":"Transformar"}],"nm":"Grupo 3","np":2,"cix":2,"bm":0,"ix":3,"mn":"ADBE Vector Group","hd":false},{"ty":"gr","it":[{"ind":0,"ty":"sh","ix":1,"ks":{"a":0,"k":{"i":[[0,0],[0,0],[0,0],[0,0]],"o":[[0,0],[0,0],[0,0],[0,0]],"v":[[-3.511,120.593],[3.512,120.593],[3.512,-120.592],[-3.511,-120.592]],"c":true},"ix":2},"nm":"Trazado 1","mn":"ADBE Vector Shape - Group","hd":false},{"ind":1,"ty":"sh","ix":2,"ks":{"a":0,"k":{"i":[[3.736,0],[0,0],[0,3.736],[0,0],[-3.736,0],[0,0],[0,-3.732],[0,0]],"o":[[0,0],[-3.736,0],[0,0],[0,-3.732],[0,0],[3.736,0],[0,0],[0,3.736]],"v":[[10.27,134.11],[-10.27,134.11],[-17.029,127.351],[-17.029,-127.352],[-10.27,-134.11],[10.27,-134.11],[17.029,-127.352],[17.029,127.351]],"c":true},"ix":2},"nm":"Trazado 2","mn":"ADBE Vector Shape - Group","hd":false},{"ty":"mm","mm":1,"nm":"Combinar trazados 1","mn":"ADBE Vector Filter - Merge","hd":false},{"ty":"fl","c":{"a":0,"k":[0.4745098039215686,0.00392156862745098,0.5490196078431373,1],"ix":4},"o":{"a":0,"k":100,"ix":5},"r":1,"bm":0,"nm":"Relleno 1","mn":"ADBE Vector Graphic - Fill","hd":false},{"ty":"tr","p":{"a":0,"k":[435.911,134.36],"ix":2},"a":{"a":0,"k":[0,0],"ix":1},"s":{"a":0,"k":[100,100],"ix":3},"r":{"a":0,"k":0,"ix":6},"o":{"a":0,"k":100,"ix":7},"sk":{"a":0,"k":0,"ix":4},"sa":{"a":0,"k":0,"ix":5},"nm":"Transformar"}],"nm":"Grupo 4","np":4,"cix":2,"bm":0,"ix":4,"mn":"ADBE Vector Group","hd":false},{"ty":"gr","it":[{"ind":0,"ty":"sh","ix":1,"ks":{"a":0,"k":{"i":[[3.736,0],[0,0],[0,3.733],[-3.736,0],[0,0],[0,-3.732]],"o":[[0,0],[-3.736,0],[0,-3.732],[0,0],[3.736,0],[0,3.733]],"v":[[199.046,6.758],[-199.046,6.758],[-205.805,0],[-199.046,-6.758],[199.046,-6.758],[205.805,0]],"c":true},"ix":2},"nm":"Trazado 1","mn":"ADBE Vector Shape - Group","hd":false},{"ty":"fl","c":{"a":0,"k":[0.4745098039215686,0.00392156862745098,0.5490196078431373,1],"ix":4},"o":{"a":0,"k":100,"ix":5},"r":1,"bm":0,"nm":"Relleno 1","mn":"ADBE Vector Graphic - Fill","hd":false},{"ty":"tr","p":{"a":0,"k":[226.595,19.474],"ix":2},"a":{"a":0,"k":[0,0],"ix":1},"s":{"a":0,"k":[100,100],"ix":3},"r":{"a":0,"k":0,"ix":6},"o":{"a":0,"k":100,"ix":7},"sk":{"a":0,"k":0,"ix":4},"sa":{"a":0,"k":0,"ix":5},"nm":"Transformar"}],"nm":"Grupo 5","np":2,"cix":2,"bm":0,"ix":5,"mn":"ADBE Vector Group","hd":false},{"ty":"gr","it":[{"ind":0,"ty":"sh","ix":1,"ks":{"a":0,"k":{"i":[[3.736,0],[0,0],[0,3.733],[-3.736,0],[0,0],[0,-3.732]],"o":[[0,0],[-3.736,0],[0,-3.732],[0,0],[3.736,0],[0,3.733]],"v":[[155.986,6.758],[-155.985,6.758],[-162.744,0],[-155.985,-6.758],[155.986,-6.758],[162.744,0]],"c":true},"ix":2},"nm":"Trazado 1","mn":"ADBE Vector Shape - Group","hd":false},{"ty":"fl","c":{"a":0,"k":[0.4745098039215686,0.00392156862745098,0.5490196078431373,1],"ix":4},"o":{"a":0,"k":100,"ix":5},"r":1,"bm":0,"nm":"Relleno 1","mn":"ADBE Vector Graphic - Fill","hd":false},{"ty":"tr","p":{"a":0,"k":[226.595,40.786],"ix":2},"a":{"a":0,"k":[0,0],"ix":1},"s":{"a":0,"k":[100,100],"ix":3},"r":{"a":0,"k":0,"ix":6},"o":{"a":0,"k":100,"ix":7},"sk":{"a":0,"k":0,"ix":4},"sa":{"a":0,"k":0,"ix":5},"nm":"Transformar"}],"nm":"Grupo 6","np":2,"cix":2,"bm":0,"ix":6,"mn":"ADBE Vector Group","hd":false},{"ty":"gr","it":[{"ind":0,"ty":"sh","ix":1,"ks":{"a":0,"k":{"i":[[3.736,0],[0,0],[0,3.733],[-3.736,0],[0,0],[0,-3.732]],"o":[[0,0],[-3.736,0],[0,-3.732],[0,0],[3.736,0],[0,3.733]],"v":[[199.046,6.758],[-199.046,6.758],[-205.805,0],[-199.046,-6.758],[199.046,-6.758],[205.805,0]],"c":true},"ix":2},"nm":"Trazado 1","mn":"ADBE Vector Shape - Group","hd":false},{"ty":"fl","c":{"a":0,"k":[0.4745098039215686,0.00392156862745098,0.5490196078431373,1],"ix":4},"o":{"a":0,"k":100,"ix":5},"r":1,"bm":0,"nm":"Relleno 1","mn":"ADBE Vector Graphic - Fill","hd":false},{"ty":"tr","p":{"a":0,"k":[226.595,58.756],"ix":2},"a":{"a":0,"k":[0,0],"ix":1},"s":{"a":0,"k":[100,100],"ix":3},"r":{"a":0,"k":0,"ix":6},"o":{"a":0,"k":100,"ix":7},"sk":{"a":0,"k":0,"ix":4},"sa":{"a":0,"k":0,"ix":5},"nm":"Transformar"}],"nm":"Grupo 7","np":2,"cix":2,"bm":0,"ix":7,"mn":"ADBE Vector Group","hd":false},{"ty":"gr","it":[{"ind":0,"ty":"sh","ix":1,"ks":{"a":0,"k":{"i":[[0,0],[0,0],[0,0],[0,0]],"o":[[0,0],[0,0],[0,0],[0,0]],"v":[[-104.457,4.706],[104.456,4.706],[104.456,-4.706],[-104.457,-4.706]],"c":true},"ix":2},"nm":"Trazado 1","mn":"ADBE Vector Shape - Group","hd":false},{"ind":1,"ty":"sh","ix":2,"ks":{"a":0,"k":{"i":[[3.736,0],[0,0],[0,3.736],[0,0],[-3.736,0],[0,0],[0,-3.735],[0,0]],"o":[[0,0],[-3.736,0],[0,0],[0,-3.735],[0,0],[3.736,0],[0,0],[0,3.736]],"v":[[111.216,18.223],[-111.216,18.223],[-117.974,11.465],[-117.974,-11.465],[-111.216,-18.223],[111.216,-18.223],[117.974,-11.465],[117.974,11.465]],"c":true},"ix":2},"nm":"Trazado 2","mn":"ADBE Vector Shape - Group","hd":false},{"ty":"mm","mm":1,"nm":"Combinar trazados 1","mn":"ADBE Vector Filter - Merge","hd":false},{"ty":"fl","c":{"a":0,"k":[0.4745098039215686,0.00392156862745098,0.5490196078431373,1],"ix":4},"o":{"a":0,"k":100,"ix":5},"r":1,"bm":0,"nm":"Relleno 1","mn":"ADBE Vector Graphic - Fill","hd":false},{"ty":"tr","p":{"a":0,"k":[257.557,236.994],"ix":2},"a":{"a":0,"k":[0,0],"ix":1},"s":{"a":0,"k":[100,100],"ix":3},"r":{"a":0,"k":0,"ix":6},"o":{"a":0,"k":100,"ix":7},"sk":{"a":0,"k":0,"ix":4},"sa":{"a":0,"k":0,"ix":5},"nm":"Transformar"}],"nm":"Grupo 8","np":4,"cix":2,"bm":0,"ix":8,"mn":"ADBE Vector Group","hd":false},{"ty":"gr","it":[{"ind":0,"ty":"sh","ix":1,"ks":{"a":0,"k":{"i":[[0,0],[0,0],[0,0],[0,0]],"o":[[0,0],[0,0],[0,0],[0,0]],"v":[[-5.314,19.973],[5.314,19.973],[5.314,-19.972],[-5.314,-19.972]],"c":true},"ix":2},"nm":"Trazado 1","mn":"ADBE Vector Shape - Group","hd":false},{"ind":1,"ty":"sh","ix":2,"ks":{"a":0,"k":{"i":[[3.736,0],[0,0],[0,3.736],[0,0],[-3.735,0],[0,0],[0,-3.736],[0,0]],"o":[[0,0],[-3.735,0],[0,0],[0,-3.736],[0,0],[3.736,0],[0,0],[0,3.736]],"v":[[12.072,33.49],[-12.072,33.49],[-18.83,26.731],[-18.83,-26.731],[-12.072,-33.49],[12.072,-33.49],[18.83,-26.731],[18.83,26.731]],"c":true},"ix":2},"nm":"Trazado 2","mn":"ADBE Vector Shape - Group","hd":false},{"ty":"mm","mm":1,"nm":"Combinar trazados 1","mn":"ADBE Vector Filter - Merge","hd":false},{"ty":"fl","c":{"a":0,"k":[0.4745098039215686,0.00392156862745098,0.5490196078431373,1],"ix":4},"o":{"a":0,"k":100,"ix":5},"r":1,"bm":0,"nm":"Relleno 1","mn":"ADBE Vector Graphic - Fill","hd":false},{"ty":"tr","p":{"a":0,"k":[345.876,275.19],"ix":2},"a":{"a":0,"k":[0,0],"ix":1},"s":{"a":0,"k":[100,100],"ix":3},"r":{"a":0,"k":0,"ix":6},"o":{"a":0,"k":100,"ix":7},"sk":{"a":0,"k":0,"ix":4},"sa":{"a":0,"k":0,"ix":5},"nm":"Transformar"}],"nm":"Grupo 9","np":4,"cix":2,"bm":0,"ix":9,"mn":"ADBE Vector Group","hd":false},{"ty":"gr","it":[{"ind":0,"ty":"sh","ix":1,"ks":{"a":0,"k":{"i":[[0,0],[0,0],[0,0],[0,0]],"o":[[0,0],[0,0],[0,0],[0,0]],"v":[[-5.314,19.973],[5.314,19.973],[5.314,-19.972],[-5.314,-19.972]],"c":true},"ix":2},"nm":"Trazado 1","mn":"ADBE Vector Shape - Group","hd":false},{"ind":1,"ty":"sh","ix":2,"ks":{"a":0,"k":{"i":[[3.736,0],[0,0],[0,3.736],[0,0],[-3.735,0],[0,0],[0,-3.736],[0,0]],"o":[[0,0],[-3.735,0],[0,0],[0,-3.736],[0,0],[3.736,0],[0,0],[0,3.736]],"v":[[12.072,33.49],[-12.073,33.49],[-18.831,26.731],[-18.831,-26.731],[-12.073,-33.49],[12.072,-33.49],[18.831,-26.731],[18.831,26.731]],"c":true},"ix":2},"nm":"Trazado 2","mn":"ADBE Vector Shape - Group","hd":false},{"ty":"mm","mm":1,"nm":"Combinar trazados 1","mn":"ADBE Vector Filter - Merge","hd":false},{"ty":"fl","c":{"a":0,"k":[0.4745098039215686,0.00392156862745098,0.5490196078431373,1],"ix":4},"o":{"a":0,"k":100,"ix":5},"r":1,"bm":0,"nm":"Relleno 1","mn":"ADBE Vector Graphic - Fill","hd":false},{"ty":"tr","p":{"a":0,"k":[171.436,275.19],"ix":2},"a":{"a":0,"k":[0,0],"ix":1},"s":{"a":0,"k":[100,100],"ix":3},"r":{"a":0,"k":0,"ix":6},"o":{"a":0,"k":100,"ix":7},"sk":{"a":0,"k":0,"ix":4},"sa":{"a":0,"k":0,"ix":5},"nm":"Transformar"}],"nm":"Grupo 10","np":4,"cix":2,"bm":0,"ix":10,"mn":"ADBE Vector Group","hd":false},{"ty":"gr","it":[{"ind":0,"ty":"sh","ix":1,"ks":{"a":0,"k":{"i":[[0,0],[0,0],[0,0],[0,0]],"o":[[0,0],[0,0],[0,0],[0,0]],"v":[[-104.457,22.926],[104.456,22.926],[104.456,-22.925],[-104.457,-22.925]],"c":true},"ix":2},"nm":"Trazado 1","mn":"ADBE Vector Shape - Group","hd":false},{"ind":1,"ty":"sh","ix":2,"ks":{"a":0,"k":{"i":[[3.736,0],[0,0],[0,3.736],[0,0],[-3.736,0],[0,0],[0,-3.735],[0,0]],"o":[[0,0],[-3.736,0],[0,0],[0,-3.735],[0,0],[3.736,0],[0,0],[0,3.736]],"v":[[111.216,36.443],[-111.216,36.443],[-117.974,29.684],[-117.974,-29.686],[-111.216,-36.443],[111.216,-36.443],[117.974,-29.686],[117.974,29.684]],"c":true},"ix":2},"nm":"Trazado 2","mn":"ADBE Vector Shape - Group","hd":false},{"ty":"mm","mm":1,"nm":"Combinar trazados 1","mn":"ADBE Vector Filter - Merge","hd":false},{"ty":"fl","c":{"a":0,"k":[0.4745098039215686,0.00392156862745098,0.5490196078431373,1],"ix":4},"o":{"a":0,"k":100,"ix":5},"r":1,"bm":0,"nm":"Relleno 1","mn":"ADBE Vector Graphic - Fill","hd":false},{"ty":"tr","p":{"a":0,"k":[257.557,195.844],"ix":2},"a":{"a":0,"k":[0,0],"ix":1},"s":{"a":0,"k":[100,100],"ix":3},"r":{"a":0,"k":0,"ix":6},"o":{"a":0,"k":100,"ix":7},"sk":{"a":0,"k":0,"ix":4},"sa":{"a":0,"k":0,"ix":5},"nm":"Transformar"}],"nm":"Grupo 11","np":4,"cix":2,"bm":0,"ix":11,"mn":"ADBE Vector Group","hd":false}],"ip":0,"op":240.0000097754,"st":0,"bm":0},{"ddd":0,"ind":11,"ty":4,"nm":"arboles contornos","sr":1,"ks":{"o":{"a":0,"k":100,"ix":11},"r":{"a":0,"k":0,"ix":10},"p":{"a":1,"k":[{"i":{"x":0.833,"y":0.833},"o":{"x":0.167,"y":0.167},"t":127,"s":[990.967,409.81,0],"to":[-186,0,0],"ti":[186,0,0]},{"t":177.000007209358,"s":[-125.033,409.81,0]}],"ix":2,"l":2},"a":{"a":0,"k":[110.198,167.08,0],"ix":1,"l":2},"s":{"a":0,"k":[81,81,100],"ix":6,"l":2}},"ao":0,"shapes":[{"ty":"gr","it":[{"ind":0,"ty":"sh","ix":1,"ks":{"a":0,"k":{"i":[[9.419,0],[0,-9.425],[-0.231,-1.141],[1.802,-1.597],[0,-8.132],[-15.735,0],[0,15.735],[6.132,5.439],[-0.475,2.363],[0,1.116]],"o":[[-9.425,0],[0,1.116],[0.475,2.363],[-6.131,5.439],[0,15.735],[15.729,0],[0,-8.132],[-1.802,-1.597],[0.231,-1.141],[0,-9.425]],"v":[[0.004,-38.381],[-17.084,-21.293],[-16.734,-17.894],[-18.88,-11.498],[-28.529,9.848],[0.004,38.381],[28.531,9.848],[18.881,-11.498],[16.736,-17.894],[17.086,-21.293]],"c":true},"ix":2},"nm":"Trazado 1","mn":"ADBE Vector Shape - Group","hd":false},{"ind":1,"ty":"sh","ix":2,"ks":{"a":0,"k":{"i":[[23.18,0],[0,23.186],[-7.366,7.789],[0,0.753],[-16.877,0],[0,-16.877],[0.06,-0.752],[0,-10.759]],"o":[[-23.187,0],[0,-10.759],[-0.059,-0.752],[0,-16.877],[16.87,0],[0,0.753],[7.366,7.789],[0,23.186]],"v":[[0.004,51.898],[-42.048,9.848],[-30.516,-19.029],[-30.602,-21.293],[0.004,-51.898],[30.603,-21.293],[30.517,-19.029],[42.048,9.848]],"c":true},"ix":2},"nm":"Trazado 2","mn":"ADBE Vector Shape - Group","hd":false},{"ty":"mm","mm":1,"nm":"Combinar trazados 1","mn":"ADBE Vector Filter - Merge","hd":false},{"ty":"fl","c":{"a":0,"k":[0.4745098039215686,0.00392156862745098,0.5490196078431373,1],"ix":4},"o":{"a":0,"k":100,"ix":5},"r":1,"bm":0,"nm":"Relleno 1","mn":"ADBE Vector Graphic - Fill","hd":false},{"ty":"tr","p":{"a":0,"k":[178.098,240.053],"ix":2},"a":{"a":0,"k":[0,0],"ix":1},"s":{"a":0,"k":[100,100],"ix":3},"r":{"a":0,"k":0,"ix":6},"o":{"a":0,"k":100,"ix":7},"sk":{"a":0,"k":0,"ix":4},"sa":{"a":0,"k":0,"ix":5},"nm":"Transformar"}],"nm":"Grupo 1","np":4,"cix":2,"bm":0,"ix":1,"mn":"ADBE Vector Group","hd":false},{"ty":"gr","it":[{"ind":0,"ty":"sh","ix":1,"ks":{"a":0,"k":{"i":[[3.736,0],[0,3.736],[0,0],[-3.736,0],[0,-3.736],[0,0]],"o":[[-3.736,0],[0,0],[0,-3.736],[3.736,0],[0,0],[0,3.736]],"v":[[0,51.948],[-6.759,45.189],[-6.759,-45.189],[0,-51.948],[6.759,-45.189],[6.759,45.189]],"c":true},"ix":2},"nm":"Trazado 1","mn":"ADBE Vector Shape - Group","hd":false},{"ty":"fl","c":{"a":0,"k":[0.4745098039215686,0.00392156862745098,0.5490196078431373,1],"ix":4},"o":{"a":0,"k":100,"ix":5},"r":1,"bm":0,"nm":"Relleno 1","mn":"ADBE Vector Graphic - Fill","hd":false},{"ty":"tr","p":{"a":0,"k":[178.102,281.962],"ix":2},"a":{"a":0,"k":[0,0],"ix":1},"s":{"a":0,"k":[100,100],"ix":3},"r":{"a":0,"k":0,"ix":6},"o":{"a":0,"k":100,"ix":7},"sk":{"a":0,"k":0,"ix":4},"sa":{"a":0,"k":0,"ix":5},"nm":"Transformar"}],"nm":"Grupo 2","np":2,"cix":2,"bm":0,"ix":2,"mn":"ADBE Vector Group","hd":false},{"ty":"gr","it":[{"ind":0,"ty":"sh","ix":1,"ks":{"a":0,"k":{"i":[[1.604,0],[1.334,1.498],[-2.785,2.481],[0,0],[-2.488,-2.801],[2.785,-2.482],[0,0]],"o":[[-1.861,0],[-2.488,-2.785],[0,0],[2.779,-2.495],[2.488,2.786],[0,0],[-1.287,1.148]],"v":[[-20.467,25.388],[-25.511,23.124],[-24.963,13.587],[15.972,-22.893],[25.511,-22.346],[24.963,-12.808],[-15.972,23.672]],"c":true},"ix":2},"nm":"Trazado 1","mn":"ADBE Vector Shape - Group","hd":false},{"ty":"fl","c":{"a":0,"k":[0.4745098039215686,0.00392156862745098,0.5490196078431373,1],"ix":4},"o":{"a":0,"k":100,"ix":5},"r":1,"bm":0,"nm":"Relleno 1","mn":"ADBE Vector Graphic - Fill","hd":false},{"ty":"tr","p":{"a":0,"k":[94.462,194.303],"ix":2},"a":{"a":0,"k":[0,0],"ix":1},"s":{"a":0,"k":[100,100],"ix":3},"r":{"a":0,"k":0,"ix":6},"o":{"a":0,"k":100,"ix":7},"sk":{"a":0,"k":0,"ix":4},"sa":{"a":0,"k":0,"ix":5},"nm":"Transformar"}],"nm":"Grupo 3","np":2,"cix":2,"bm":0,"ix":3,"mn":"ADBE Vector Group","hd":false},{"ty":"gr","it":[{"ind":0,"ty":"sh","ix":1,"ks":{"a":0,"k":{"i":[[1.954,0],[1.26,1.036],[0,0],[-2.376,2.881],[-2.891,-2.376],[0,0],[2.376,-2.881]],"o":[[-1.511,0],[0,0],[-2.885,-2.373],[2.363,-2.881],[0,0],[2.885,2.373],[-1.333,1.624]],"v":[[14.518,19.137],[10.228,17.597],[-18.82,-6.326],[-19.738,-15.84],[-10.228,-16.761],[18.82,7.162],[19.738,16.676]],"c":true},"ix":2},"nm":"Trazado 1","mn":"ADBE Vector Shape - Group","hd":false},{"ty":"fl","c":{"a":0,"k":[0.4745098039215686,0.00392156862745098,0.5490196078431373,1],"ix":4},"o":{"a":0,"k":100,"ix":5},"r":1,"bm":0,"nm":"Relleno 1","mn":"ADBE Vector Graphic - Fill","hd":false},{"ty":"tr","p":{"a":0,"k":[59.471,141.342],"ix":2},"a":{"a":0,"k":[0,0],"ix":1},"s":{"a":0,"k":[100,100],"ix":3},"r":{"a":0,"k":0,"ix":6},"o":{"a":0,"k":100,"ix":7},"sk":{"a":0,"k":0,"ix":4},"sa":{"a":0,"k":0,"ix":5},"nm":"Transformar"}],"nm":"Grupo 4","np":2,"cix":2,"bm":0,"ix":4,"mn":"ADBE Vector Group","hd":false},{"ty":"gr","it":[{"ind":0,"ty":"sh","ix":1,"ks":{"a":0,"k":{"i":[[1.373,0],[1.326,1.822],[-3.023,2.194],[0,13.065],[22.554,0],[0,-22.553],[-5.669,-7.244],[2.937,-2.3],[2.29,2.923],[0,12.273],[-30.005,0],[0,-30.008],[14.085,-10.221]],"o":[[-2.092,0],[-2.192,-3.023],[10.587,-7.683],[0,-22.553],[-22.553,0],[0,9.227],[2.297,2.94],[-2.951,2.303],[-7.545,-9.647],[0,-30.008],[30.005,0],[0,17.382],[-1.194,0.868]],"v":[[27.966,49.892],[22.487,47.103],[23.992,37.662],[40.902,4.528],[0,-36.374],[-40.902,4.528],[-32.237,29.705],[-33.397,39.193],[-42.888,38.035],[-54.419,4.528],[0,-49.892],[54.419,4.528],[31.926,48.605]],"c":true},"ix":2},"nm":"Trazado 1","mn":"ADBE Vector Shape - Group","hd":false},{"ty":"fl","c":{"a":0,"k":[0.4745098039215686,0.00392156862745098,0.5490196078431373,1],"ix":4},"o":{"a":0,"k":100,"ix":5},"r":1,"bm":0,"nm":"Relleno 1","mn":"ADBE Vector Graphic - Fill","hd":false},{"ty":"tr","p":{"a":0,"k":[73.995,50.142],"ix":2},"a":{"a":0,"k":[0,0],"ix":1},"s":{"a":0,"k":[100,100],"ix":3},"r":{"a":0,"k":0,"ix":6},"o":{"a":0,"k":100,"ix":7},"sk":{"a":0,"k":0,"ix":4},"sa":{"a":0,"k":0,"ix":5},"nm":"Transformar"}],"nm":"Grupo 5","np":2,"cix":2,"bm":0,"ix":5,"mn":"ADBE Vector Group","hd":false},{"ty":"gr","it":[{"ind":0,"ty":"sh","ix":1,"ks":{"a":0,"k":{"i":[[22.553,0],[0,-22.553],[-3.459,-6.131],[2.258,-2.132],[0,-14.897],[-4.237,-7.815],[1.618,-2.115],[0,-13.227],[-33.213,0],[0,33.213],[8.086,10.601],[-1.268,2.34],[0,8.937],[10.904,10.3],[-1.531,2.706],[0,7.01]],"o":[[-22.553,0],[0,7],[1.524,2.703],[-10.904,10.3],[0,8.927],[1.267,2.34],[-8.085,10.607],[0,33.213],[33.213,0],[0,-13.233],[-1.617,-2.115],[4.23,-7.808],[0,-14.897],[-2.258,-2.135],[3.452,-6.115],[0,-22.553]],"v":[[0,-118.925],[-40.902,-78.023],[-35.615,-57.955],[-36.863,-49.721],[-53.773,-10.65],[-47.298,14.943],[-47.866,22.262],[-60.228,58.696],[0,118.924],[60.228,58.696],[47.872,22.262],[47.305,14.943],[53.773,-10.65],[36.863,-49.721],[35.622,-57.961],[40.902,-78.023]],"c":true},"ix":2},"nm":"Trazado 1","mn":"ADBE Vector Shape - Group","hd":false},{"ind":1,"ty":"sh","ix":2,"ks":{"a":0,"k":{"i":[[40.665,0],[0,40.665],[-8.283,12.227],[0,9.729],[-11.372,12.425],[0,7.604],[-30.005,0],[0,-30.008],[3.089,-6.94],[0,-16.956],[4.053,-8.788],[0,-14.798]],"o":[[-40.665,0],[0,-14.798],[-4.059,-8.795],[0,-16.956],[-3.089,-6.95],[0,-30.008],[30.005,0],[0,7.61],[11.372,12.425],[0,9.735],[8.277,12.221],[0,40.665]],"v":[[0,132.442],[-73.745,58.696],[-61.106,17.533],[-67.29,-10.65],[-49.714,-55.925],[-54.42,-78.023],[0,-132.442],[54.42,-78.023],[49.714,-55.925],[67.29,-10.65],[61.112,17.533],[73.745,58.696]],"c":true},"ix":2},"nm":"Trazado 2","mn":"ADBE Vector Shape - Group","hd":false},{"ty":"mm","mm":1,"nm":"Combinar trazados 1","mn":"ADBE Vector Filter - Merge","hd":false},{"ty":"fl","c":{"a":0,"k":[0.4745098039215686,0.00392156862745098,0.5490196078431373,1],"ix":4},"o":{"a":0,"k":100,"ix":5},"r":1,"bm":0,"nm":"Relleno 1","mn":"ADBE Vector Graphic - Fill","hd":false},{"ty":"tr","p":{"a":0,"k":[73.995,132.693],"ix":2},"a":{"a":0,"k":[0,0],"ix":1},"s":{"a":0,"k":[100,100],"ix":3},"r":{"a":0,"k":0,"ix":6},"o":{"a":0,"k":100,"ix":7},"sk":{"a":0,"k":0,"ix":4},"sa":{"a":0,"k":0,"ix":5},"nm":"Transformar"}],"nm":"Grupo 6","np":4,"cix":2,"bm":0,"ix":6,"mn":"ADBE Vector Group","hd":false},{"ty":"gr","it":[{"ind":0,"ty":"sh","ix":1,"ks":{"a":0,"k":{"i":[[3.736,0],[0,3.736],[0,0],[-3.736,0],[0,-3.732],[0,0]],"o":[[-3.736,0],[0,0],[0,-3.732],[3.736,0],[0,0],[0,3.736]],"v":[[0,118.441],[-6.759,111.682],[-6.759,-111.683],[0,-118.441],[6.759,-111.683],[6.759,111.682]],"c":true},"ix":2},"nm":"Trazado 1","mn":"ADBE Vector Shape - Group","hd":false},{"ty":"fl","c":{"a":0,"k":[0.4745098039215686,0.00392156862745098,0.5490196078431373,1],"ix":4},"o":{"a":0,"k":100,"ix":5},"r":1,"bm":0,"nm":"Relleno 1","mn":"ADBE Vector Graphic - Fill","hd":false},{"ty":"tr","p":{"a":0,"k":[73.995,215.469],"ix":2},"a":{"a":0,"k":[0,0],"ix":1},"s":{"a":0,"k":[100,100],"ix":3},"r":{"a":0,"k":0,"ix":6},"o":{"a":0,"k":100,"ix":7},"sk":{"a":0,"k":0,"ix":4},"sa":{"a":0,"k":0,"ix":5},"nm":"Transformar"}],"nm":"Grupo 7","np":2,"cix":2,"bm":0,"ix":7,"mn":"ADBE Vector Group","hd":false}],"ip":58.0000023623884,"op":298.000012137789,"st":58.0000023623884,"bm":0},{"ddd":0,"ind":12,"ty":4,"nm":"señal contornos","sr":1,"ks":{"o":{"a":0,"k":100,"ix":11},"r":{"a":0,"k":0,"ix":10},"p":{"a":1,"k":[{"i":{"x":0.833,"y":0.833},"o":{"x":0.167,"y":0.167},"t":127,"s":[846.708,417.463,0],"to":[-185.333,0,0],"ti":[185.333,0,0]},{"t":177.000007209358,"s":[-265.292,417.463,0]}],"ix":2,"l":2},"a":{"a":0,"k":[49.09,146.249,0],"ix":1,"l":2},"s":{"a":0,"k":[81,81,100],"ix":6,"l":2}},"ao":0,"shapes":[{"ty":"gr","it":[{"ind":0,"ty":"sh","ix":1,"ks":{"a":0,"k":{"i":[[19.478,0],[0,-19.478],[-19.478,0],[0,19.477]],"o":[[-19.478,0],[0,19.477],[19.478,0],[0,-19.478]],"v":[[-0.001,-35.324],[-35.323,-0.001],[-0.001,35.323],[35.323,-0.001]],"c":true},"ix":2},"nm":"Trazado 1","mn":"ADBE Vector Shape - Group","hd":false},{"ind":1,"ty":"sh","ix":2,"ks":{"a":0,"k":{"i":[[26.933,0],[0,26.932],[-26.929,0],[0,-26.93]],"o":[[-26.929,0],[0,-26.93],[26.933,0],[0,26.932]],"v":[[-0.001,48.84],[-48.841,-0.001],[-0.001,-48.84],[48.841,-0.001]],"c":true},"ix":2},"nm":"Trazado 2","mn":"ADBE Vector Shape - Group","hd":false},{"ty":"mm","mm":1,"nm":"Combinar trazados 1","mn":"ADBE Vector Filter - Merge","hd":false},{"ty":"fl","c":{"a":0,"k":[0.4745098039215686,0.00392156862745098,0.5490196078431373,1],"ix":4},"o":{"a":0,"k":100,"ix":5},"r":1,"bm":0,"nm":"Relleno 1","mn":"ADBE Vector Graphic - Fill","hd":false},{"ty":"tr","p":{"a":0,"k":[49.09,49.09],"ix":2},"a":{"a":0,"k":[0,0],"ix":1},"s":{"a":0,"k":[100,100],"ix":3},"r":{"a":0,"k":0,"ix":6},"o":{"a":0,"k":100,"ix":7},"sk":{"a":0,"k":0,"ix":4},"sa":{"a":0,"k":0,"ix":5},"nm":"Transformar"}],"nm":"Grupo 1","np":4,"cix":2,"bm":0,"ix":1,"mn":"ADBE Vector Group","hd":false},{"ty":"gr","it":[{"ind":0,"ty":"sh","ix":1,"ks":{"a":0,"k":{"i":[[3.732,0],[0,3.736],[0,0],[-3.732,0],[0,-3.732],[0,0]],"o":[[-3.732,0],[0,0],[0,-3.732],[3.732,0],[0,0],[0,3.736]],"v":[[0,103.917],[-6.759,97.158],[-6.759,-97.159],[0,-103.917],[6.759,-97.159],[6.759,97.158]],"c":true},"ix":2},"nm":"Trazado 1","mn":"ADBE Vector Shape - Group","hd":false},{"ty":"fl","c":{"a":0,"k":[0.4745098039215686,0.00392156862745098,0.5490196078431373,1],"ix":4},"o":{"a":0,"k":100,"ix":5},"r":1,"bm":0,"nm":"Relleno 1","mn":"ADBE Vector Graphic - Fill","hd":false},{"ty":"tr","p":{"a":0,"k":[49.089,188.331],"ix":2},"a":{"a":0,"k":[0,0],"ix":1},"s":{"a":0,"k":[100,100],"ix":3},"r":{"a":0,"k":0,"ix":6},"o":{"a":0,"k":100,"ix":7},"sk":{"a":0,"k":0,"ix":4},"sa":{"a":0,"k":0,"ix":5},"nm":"Transformar"}],"nm":"Grupo 2","np":2,"cix":2,"bm":0,"ix":2,"mn":"ADBE Vector Group","hd":false}],"ip":0,"op":240.0000097754,"st":0,"bm":0},{"ddd":0,"ind":13,"ty":4,"nm":"Capa de formas 3","sr":1,"ks":{"o":{"a":0,"k":100,"ix":11},"r":{"a":0,"k":0,"ix":10},"p":{"a":0,"k":[371,399,0],"ix":2,"l":2},"a":{"a":0,"k":[0,0,0],"ix":1,"l":2},"s":{"a":0,"k":[100,100,100],"ix":6,"l":2}},"ao":0,"shapes":[{"ty":"gr","it":[{"d":1,"ty":"el","s":{"a":0,"k":[586,586],"ix":2},"p":{"a":0,"k":[0,0],"ix":3},"nm":"Trazado elíptico 1","mn":"ADBE Vector Shape - Ellipse","hd":false},{"ty":"fl","c":{"a":0,"k":[0.9411764705882353,0.9254901960784314,0.8901960784313725,1],"ix":4},"o":{"a":0,"k":100,"ix":5},"r":1,"bm":0,"nm":"Relleno 1","mn":"ADBE Vector Graphic - Fill","hd":false},{"ty":"tr","p":{"a":0,"k":[29,1],"ix":2},"a":{"a":0,"k":[0,0],"ix":1},"s":{"a":0,"k":[100,100],"ix":3},"r":{"a":0,"k":0,"ix":6},"o":{"a":0,"k":100,"ix":7},"sk":{"a":0,"k":0,"ix":4},"sa":{"a":0,"k":0,"ix":5},"nm":"Transformar"}],"nm":"Elipse 1","np":3,"cix":2,"bm":0,"ix":1,"mn":"ADBE Vector Group","hd":false}],"ip":0,"op":240.0000097754,"st":0,"bm":0}],"markers":[]}